vehicle_id,trip_id,start_time,end_time,counts,total_distance,total_fuel_consumed,mean_mileage
1406272050288394240,1788426437000-649034868264558592-1406272050288394240,1788426437000,1788484078000,6,944.78,283.478,3.332815950444126
1186996414987632640,1788442017000-649034868264558592-1186996414987632640,1788442017000,1788499706000,4,804.72,285.248,2.821124074489567
1518565483060658176,1788423458000-649034868264558592-1518565483060658176,1788423458000,1788481068000,3,781.28,246.555,3.16878586927866
1146410298802962432,1788454954000-649034868264558592-1146410298802962432,1788454954000,1788512566000,1,772.312,246.992,3.1268705059273176
1474016264899788800,1788420738000-649034868264558592-1474016264899788800,1788420738000,1788478374000,2,769.4399999999999,254.56900000000002,3.0225204168614397
1146410298802962432,1788360351000-649034868264558592-1146410298802962432,1788368772000,1788417974000,1,737.915,201.92,3.654491877971474
1284476928488636416,1788446692000-649034868264558592-1284476928488636416,1788446692000,1788491903000,1,683.181,214.419,3.1861961859723253
1268893773056704512,1788430510000-649034868264558592-1268893773056704512,1788430510000,1788488199000,3,677.36,263.943,2.566311665776323
1561408916011614208,1788455271000-649034868264558592-1561408916011614208,1788455271000,1788490345000,2,663.5949999999999,169.81,3.90786761674813
1220369221305761792,1788437207000-649034868264558592-1220369221305761792,1788437207000,1788494888000,4,659.04,244.385,2.6967285226180002
1476550907393998848,1788365497000-649034868264558592-1476550907393998848,1788365497000,1788400014000,2,657.52,178.077,3.6923353380840873
1192134718468915200,1788446444000-649034868264558592-1192134718468915200,1788446444000,1788496664000,3,653.64,196.546,3.3256336938935416
1140330319757443072,1788452934000-649034868264558592-1140330319757443072,1788452934000,1788499761000,2,648.0799999999999,258.185,2.510138079284234
1334833185816576000,1788360768000-649034868264558592-1334833185816576000,1788360768000,1788401217000,1,646.031,186.639,3.461393385091004
1536322320262496256,1788447091000-649034868264558592-1536322320262496256,1788447091000,1788475169000,1,633.504,146.936,4.31142810475309
1476550907393998848,1788460590000-649034868264558592-1476550907393998848,1788460590000,1788498847000,4,613.6,192.142,3.193471495040127
1494312472553717760,1788443289000-649034868264558592-1494312472553717760,1788443289000,1788493692000,5,601.6199999999999,217.004,2.7723912923264082
1561408916011614208,1788378166000-649034868264558592-1561408916011614208,1788378166000,1788417086000,11,600.835,186.556,3.2206683247925554
1494312366358134784,1788460870000-649034868264558592-1494312366358134784,1788460870000,1788495870000,1,597.449,202.931,2.9440992258452376
1494312254978392064,1788369282000-649034868264558592-1494312254978392064,1788374006000,1788411319000,2,596.38,200.061,2.980990797806669
1537489451758911488,1788447791000-649034868264558592-1537489451758911488,1788447791000,1788488545000,2,592.71,169.263,3.5017103560730933
1284476928488636416,1788366855000-649034868264558592-1284476928488636416,1788366855000,1788403205000,1,586.616,195.879,2.9947875984664
1552709347677569024,1788375334000-649034868264558592-1552709347677569024,1788375334000,1788419061000,2,583.895,178.957,3.2627670334214365
1518565483060658176,1788374266000-649034868264558592-1518565483060658176,1788374266000,1788408997000,1,581.537,165.721,3.5091328196185154
1537489465788858368,1788361892000-649034868264558592-1537489465788858368,1788361892000,1788400830000,4,580.62,167.128,3.474103681010962
1192134793974775808,1788460479000-649034868264558592-1192134793974775808,1788460479000,1788501995000,2,574.835,185.542,3.0981395048021474
1220369364222476288,1788374044000-649034868264558592-1220369364222476288,1788374044000,1788415952000,2,572.24,196.19799999999998,2.91664542961702
1552709347677569024,1788452093000-649034868264558592-1552709347677569024,1788452093000,1788492282000,4,568.625,181.899,3.1260479716765897
1146410747421523968,1788453373000-649034868264558592-1146410747421523968,1788453373000,1788495765000,2,563.12,212.19,2.6538479664451673
1220369364222476288,1788450378000-649034868264558592-1220369364222476288,1788450378000,1788491545000,2,561.12,206.59900000000002,2.7159860405907095
1537489465788858368,1788448651000-649034868264558592-1537489465788858368,1788448651000,1788491999000,1,558.907,165.793,3.3711133763186627
1146409880471470080,1788461428000-649034868264558592-1146409880471470080,1788461428000,1788504949000,2,556.0,216.96499999999997,2.562625308229438
1334832234422599680,1788373951000-649034868264558592-1334832234422599680,1788373951000,1788417921000,2,551.0,229.046,2.40563031006872
1552709318082560000,1788373076000-649034868264558592-1552709318082560000,1788373076000,1788415543000,2,546.015,184.5,2.959430894308943
1268893877926887424,1788460570000-649034868264558592-1268893877926887424,1788460570000,1788498853000,4,542.44,197.026,2.753139179600662
1537489458834702336,1788356481000-649034868264558592-1537489458834702336,1788356481000,1788398263000,1,541.189,172.86,3.1307937058891584
1494312254978392064,1788451018000-649034868264558592-1494312254978392064,1788451018000,1788497916000,3,538.78,234.82899999999998,2.294350357068335
1334833384924381184,1788451019000-649034868264558592-1334833384924381184,1788451019000,1788489826000,3,536.155,146.671,3.6554942694874923
1552709337468633088,1788458867000-649034868264558592-1552709337468633088,1788458867000,1788503690000,1,532.002,176.468,3.0147222159258336
1537489458834702336,1788450458000-649034868264558592-1537489458834702336,1788450458000,1788488518000,2,529.795,154.58999999999997,3.427097483666473
1334832578175172608,1788456910000-649034868264558592-1334832578175172608,1788456910000,1788498505000,2,527.84,192.173,2.746691782924761
1474013563159838720,1788375981000-649034868264558592-1474013563159838720,1788375981000,1788417382000,4,527.69,200.208,2.6357088627827063
1474013287929610240,1788368641000-649034868264558592-1474013287929610240,1788368641000,1788415929000,2,525.1,187.693,2.797653615212075
1474013563159838720,1788455761000-649034868264558592-1474013563159838720,1788455761000,1788501136000,2,523.505,183.962,2.8457235733466697
1537489444636983296,1788440827000-649034868264558592-1537489444636983296,1788440827000,1788489308000,1,520.318,168.39,3.089957835976008
1334833282986016768,1788364752000-649034868264558592-1334833282986016768,1788364752000,1788404885000,1,516.695,141.524,3.6509355303694075
1494312585351135232,1788368183000-649034868264558592-1494312585351135232,1788368183000,1788395350000,1,516.694,152.293,3.3927626351834945
1268893773056704512,1788346855000-649034868264558592-1268893773056704512,1788370596000,1788404523000,2,515.92,196.253,2.628851533479743
682178685842751488,1788363269000-649034868264558592-682178685842751488,1788363269000,1788398664000,1,514.56,165.682,3.105708525971439
1494312472553717760,1788378821000-649034868264558592-1494312472553717760,1788378821000,1788421290000,2,511.92,201.574,2.539613243771518
682178375686553600,1788361377000-649034868264558592-682178375686553600,1788361377000,1788398120000,1,511.834,189.944,2.694657372699322
682178685842751488,1788447680000-649034868264558592-682178685842751488,1788447680000,1788483888000,1,510.674,188.674,2.706647444798965
1268894095296692224,1788456267000-649034868264558592-1268894095296692224,1788456267000,1788493843000,3,508.4,211.637,2.402226453786436
1334833185816576000,1788449288000-649034868264558592-1334833185816576000,1788449288000,1788485468000,1,508.282,144.24,3.5238630061009424
1151974728106246144,1788451731000-649034868264558592-1151974728106246144,1788451731000,1788484200000,1,506.274,161.677,3.1313916017739074
1140330395766620160,1788460503000-649034868264558592-1140330395766620160,1788460503000,1788487462000,1,494.274,126.437,3.909251247656936
1552709327888842752,1788446358000-649034868264558592-1552709327888842752,1788446358000,1788490240000,3,489.315,148.197,3.301787485576631
1146410747421523968,1788361275000-649034868264558592-1146410747421523968,1788380796000,1788416733000,2,487.52,179.901,2.7099349086441986
1494312585351135232,1788442392000-649034868264558592-1494312585351135232,1788442392000,1788489871000,2,487.36,195.364,2.4946254171700004
1146409880471470080,1788369444000-649034868264558592-1146409880471470080,1788369444000,1788426817000,2,479.6,264.382,1.8140418031484746
1334833501215653888,1788447601000-649034868264558592-1334833501215653888,1788447601000,1788479811000,1,475.347,150.122,3.166404657545196
1334833282986016768,1788457249000-649034868264558592-1334833282986016768,1788457249000,1788489761000,1,458.45,134.688,3.4037924685198386
1494312366358134784,1788381039000-649034868264558592-1494312366358134784,1788381039000,1788410210000,1,450.485,140.738,3.200876806548338
1474013221449891840,1788370833000-649034868264558592-1474013221449891840,1788375571000,1788416276000,2,447.365,162.25799999999998,2.7571213746009446
1066488845387694080,1788364597000-649034868264558592-1066488845387694080,1788364597000,1788400608000,1,443.978,160.263,2.7703088049019424
1192134868188790784,1788458242000-649034868264558592-1192134868188790784,1788458242000,1788489924000,1,443.039,139.07,3.1857266124973034
1140330395766620160,1788380879000-649034868264558592-1140330395766620160,1788380879000,1788415815000,2,443.0,141.797,3.124184573721588
1268893955106275328,1788471321000-649034868264558592-1268893955106275328,1788471321000,1788505365000,1,431.966,166.702,2.5912466557089897
1334832669606805504,1788475599000-649034868264558592-1334832669606805504,1788475599000,1788507676000,2,431.28,149.447,2.8858391269145582
1147228695027515392,1788351577000-649034868264558592-1147228695027515392,1788375652000,1788409261000,4,429.445,139.411,3.08042406983667
1334833384924381184,1788370043000-649034868264558592-1334833384924381184,1788370043000,1788399389000,2,423.09000000000003,121.113,3.493349186297095
682178375686553600,1788461667000-649034868264558592-682178375686553600,1788461667000,1788489528000,1,422.119,132.44,3.187247055270311
1474016042442293248,1788457484000-649034868264558592-1474016042442293248,1788457484000,1788490966000,1,419.763,158.81,2.643177381776966
1537489444636983296,1788373251000-649034868264558592-1537489444636983296,1788373251000,1788400064000,1,413.828,115.969,3.568436392484198
1066488795177680896,1788464499000-649034868264558592-1066488795177680896,1788464499000,1788489203000,1,407.511,156.998,2.5956445305035736
1552709318082560000,1788460405000-649034868264558592-1552709318082560000,1788460405000,1788486828000,1,407.104,133.875,3.040926237161531
1552709337468633088,1788373286000-649034868264558592-1552709337468633088,1788373286000,1788402276000,1,407.042,126.8,3.210110410094637
1474013287929610240,1788463094000-649034868264558592-1474013287929610240,1788463094000,1788490382000,2,398.095,143.66,2.7710914659612977
1192134718468915200,1788361618000-649034868264558592-1192134718468915200,1788376562000,1788401799000,1,387.1,126.184,3.067742344512775
1268893955106275328,1788339132000-649034868264558592-1268893955106275328,1788370155000,1788396790000,2,378.15999999999997,151.285,2.499652972865783
1186996301657538560,1788469262000-649034868264558592-1186996301657538560,1788469262000,1788504088000,1,376.729,133.779,2.8160548367083025
1186996414987632640,1788378046000-649034868264558592-1186996414987632640,1788378046000,1788408682000,1,370.696,145.425,2.549052776345195
1474016042442293248,1788370120000-649034868264558592-1474016042442293248,1788370120000,1788398625000,1,369.344,126.327,2.923713853728815
1474013221449891840,1788455638000-649034868264558592-1474013221449891840,1788455638000,1788483778000,1,369.037,120.51,3.0622935855945563
1536322320262496256,1788475181000-649034868264558592-1536322320262496256,1788475181000,1788499067000,1,365.365,109.453,3.3380994582149417
1334832578175172608,1788374700000-649034868264558592-1334832578175172608,1788374700000,1788398792000,2,361.32,130.291,2.7731769654082017
1494313280225673216,1788442309000-649034868264558592-1494313280225673216,1788442309000,1788490560000,2,345.38,248.522,1.3897361199410918
1334832234422599680,1788459789000-649034868264558592-1334832234422599680,1788459789000,1788501422000,2,319.12,202.15,1.578629730398219
1146409880471470080,1788429507000-649034868264558592-1146409880471470080,1788429507000,1788459394000,1,309.081,100.757,3.06758835614399
1552709327888842752,1788365413000-649034868264558592-1552709327888842752,1788384948000,1788409213000,1,294.825,87.874,3.355087966861643
1334832669606805504,1788457740000-649034868264558592-1334832669606805504,1788457740000,1788475571000,1,293.066,91.235,3.212210226338576
1334833501215653888,1788360741000-649034868264558592-1334833501215653888,1788380327000,1788399057000,1,291.585,86.976,3.3524765452538627
1334832669606805504,1788360964000-649034868264558592-1334832669606805504,1788388303000,1788418620000,2,283.96,90.874,3.124766159737659
1268894231850647552,1788467085000-649034868264558592-1268894231850647552,1788467085000,1788487786000,1,283.507,88.58,3.2005757507338
1066488795177680896,1788379243000-649034868264558592-1066488795177680896,1788379243000,1788396823000,1,274.844,81.448,3.3744720557901977
1406271868830220288,1788362581000-649034868264558592-1406271868830220288,1788387150000,1788410904000,2,274.26,100.50300000000001,2.7288737649622394
1268893877926887424,1788374187000-649034868264558592-1268893877926887424,1788390507000,1788420592000,1,273.0,92.596,2.9482915028726944
1268894298644938752,1788469740000-649034868264558592-1268894298644938752,1788469740000,1788487142000,1,263.258,67.916,3.876229459921079
1334833185816576000,1788402853000-649034868264558592-1334833185816576000,1788402853000,1788420683000,1,263.11,79.116,3.3256231356489208
1334833185816576000,1788427053000-649034868264558592-1334833185816576000,1788427053000,1788447568000,1,257.679,67.3,3.8288112927191675
1151974728106246144,1788429600000-649034868264558592-1151974728106246144,1788429600000,1788449856000,1,257.598,76.758,3.3559759243336202
1268894231850647552,1788384331000-649034868264558592-1268894231850647552,1788384331000,1788401782000,1,255.396,72.294,3.5327413063324755
1140330319757443072,1788370955000-649034868264558592-1140330319757443072,1788391891000,1788416052000,1,254.4,114.759,2.216819595848692
1146410298802962432,1788432731000-649034868264558592-1146410298802962432,1788432731000,1788453318000,2,254.32500000000002,72.576,3.5042576058201065
1066488845387694080,1788467842000-649034868264558592-1066488845387694080,1788467842000,1788486079000,1,251.416,72.76,3.45541506322155
1474016264899788800,1788478375000-649034868264558592-1474016264899788800,1788478375000,1788500084000,1,241.554,83.107,2.9065421685297266
1536322320262496256,1788364753000-649034868264558592-1536322320262496256,1788384555000,1788402348000,2,240.47,86.67800000000001,2.774291054246752
1289228109731594240,1788401369000-649034868264558592-1289228109731594240,1788401369000,1788415806000,1,239.879,77.25,3.105229773462783
1268893773056704512,1788404524000-649034868264558592-1268893773056704512,1788404524000,1788423972000,1,231.788,86.094,2.692266592329315
1474016264899788800,1788354618000-649034868264558592-1474016264899788800,1788389833000,1788407606000,1,218.87,68.427,3.1985911993803615
1192134793974775808,1788367212000-649034868264558592-1192134793974775808,1788392813000,1788415629000,1,214.7,61.643,3.482958324546177
1220369221305761792,1788363210000-649034868264558592-1220369221305761792,1788387501000,1788404932000,1,213.76,73.454,2.9101206197075724
1406271868830220288,1788456169000-649034868264558592-1406271868830220288,1788456169000,1788486786000,2,212.8,161.154,1.320476066371297
1334833501215653888,1788479996000-649034868264558592-1334833501215653888,1788479996000,1788492654000,1,206.797,66.542,3.1077665233987557
1268893955106275328,1788447871000-649034868264558592-1268893955106275328,1788447871000,1788471318000,2,206.0,89.752,2.2952134771369996
1334833501215653888,1788400193000-649034868264558592-1334833501215653888,1788400193000,1788414208000,1,202.605,62.981,3.216922563947857
1494313280225673216,1788368494000-649034868264558592-1494313280225673216,1788392837000,1788411642000,1,199.48,77.299,2.580628468673592
1561408897250492416,1788464140000-649034868264558592-1561408897250492416,1788464140000,1788486732000,2,198.41,124.22900000000001,1.5971311046535026
1406272050288394240,1788401497000-649034868264558592-1406272050288394240,1788401497000,1788418466000,1,197.831,69.813,2.8337272427771327
1066488845387694080,1788450144000-649034868264558592-1066488845387694080,1788450144000,1788467839000,1,197.66,68.201,2.8981979736367505
1494312585351135232,1788397318000-649034868264558592-1494312585351135232,1788397318000,1788418789000,1,192.184,62.942,3.053350703822567
1494312366358134784,1788432575000-649034868264558592-1494312366358134784,1788432575000,1788449793000,1,189.576,72.097,2.6294575363746064
1186996301657538560,1788457326000-649034868264558592-1186996301657538560,1788457326000,1788469259000,1,185.544,64.846,2.8613021620454617
1284476928488636416,1788403926000-649034868264558592-1284476928488636416,1788403926000,1788418639000,1,184.965,70.046,2.6406218770522227
1334833501215653888,1788428841000-649034868264558592-1334833501215653888,1788428841000,1788445110000,1,183.729,59.778,3.0735220315166116
1561408897250492416,1788449071000-649034868264558592-1561408897250492416,1788449071000,1788462278000,1,181.043,54.323,3.3327135835649724
1561408897250492416,1788369512000-649034868264558592-1561408897250492416,1788392222000,1788405781000,1,177.525,52.106,3.406997274786013
1476550907393998848,1788444027000-649034868264558592-1476550907393998848,1788444027000,1788458909000,1,177.102,56.404,3.139883696191759
1268894298644938752,1788458442000-649034868264558592-1268894298644938752,1788458442000,1788469736000,1,175.67,50.042,3.5104512209743812
1268893955106275328,1788396791000-649034868264558592-1268893955106275328,1788396791000,1788415466000,1,172.317,73.072,2.358180972191811
1334832578175172608,1788398796000-649034868264558592-1334832578175172608,1788398796000,1788413169000,1,171.55,56.204,3.0522738595117787
1192134642870779904,1788474159000-649034868264558592-1192134642870779904,1788474159000,1788488875000,1,168.78,59.375,2.8426105263157897
1186996301657538560,1788438458000-649034868264558592-1186996301657538560,1788438458000,1788455705000,2,168.16000000000003,56.312,2.986219633470664
1186996301657538560,1788347840000-649034868264558592-1186996301657538560,1788393467000,1788405503000,1,157.92,51.024,3.0950141110065847
1406272050288394240,1788343849000-649034868264558592-1406272050288394240,1788389993000,1788401496000,1,154.54,50.28,3.0735879077167856
1268894231850647552,1788447679000-649034868264558592-1268894231850647552,1788447679000,1788460758000,1,142.329,52.856,2.6927690328439535
1334833384924381184,1788400905000-649034868264558592-1334833384924381184,1788400905000,1788412026000,2,138.915,38.822,3.578254597908402
1537489451758911488,1788361473000-649034868264558592-1537489451758911488,1788390301000,1788403935000,1,138.095,42.519,3.2478421411604224
1552709337468633088,1788402846000-649034868264558592-1552709337468633088,1788402846000,1788414255000,1,134.927,45.278,2.9799681964751095
1474016042442293248,1788399099000-649034868264558592-1474016042442293248,1788399099000,1788409646000,1,134.883,48.232,2.796545861668602
1147228695027515392,1788409262000-649034868264558592-1147228695027515392,1788409262000,1788422472000,1,134.819,48.368,2.7873594111809457
1494312254978392064,1788436234000-649034868264558592-1494312254978392064,1788436234000,1788449385000,2,128.54000000000002,50.013,2.570131765740908
1284476928488636416,1788433657000-649034868264558592-1284476928488636416,1788433657000,1788445492000,1,124.743,41.113,3.034149782307299
1334833501215653888,1788415248000-649034868264558592-1334833501215653888,1788415248000,1788424505000,1,115.484,37.304,3.0957538065622985
1474013221449891840,1788435956000-649034868264558592-1474013221449891840,1788435956000,1788454331000,1,115.181,44.677,2.5780826823645278
1561408916011614208,1788441087000-649034868264558592-1561408916011614208,1788441087000,1788453716000,1,108.503,44.38,2.4448625506985127
1140330395766620160,1788439231000-649034868264558592-1140330395766620160,1788439231000,1788450363000,1,104.636,42.131,2.4835869075027888
1186996301657538560,1788405504000-649034868264558592-1186996301657538560,1788405504000,1788416851000,1,104.36,31.325,3.3315243415802076
1151974728106246144,1788392891000-649034868264558592-1151974728106246144,1788392891000,1788401242000,1,104.193,34.384,3.030275709632387
1140330395766620160,1788456008000-649034868264558592-1140330395766620160,1788456008000,1788460500000,1,100.669,23.306,4.319445636316828
1146410298802962432,1788417975000-649034868264558592-1146410298802962432,1788417975000,1788423649000,1,97.933,28.129,3.4815670660172775
682178375686553600,1788450427000-649034868264558592-682178375686553600,1788450427000,1788459845000,1,93.19,35.366,2.6350166826895887
1268894231850647552,1788461854000-649034868264558592-1268894231850647552,1788461854000,1788466995000,1,90.437,24.9,3.632008032128514
1334833384924381184,1788441632000-649034868264558592-1334833384924381184,1788441632000,1788451011000,1,87.255,23.627,3.6930206966606
1192134868188790784,1788440579000-649034868264558592-1192134868188790784,1788440579000,1788450559000,1,86.887,27.768,3.129033419763757
1474016042442293248,1788447874000-649034868264558592-1474016042442293248,1788447874000,1788456154000,1,86.333,30.164,2.8621204084338947
1552709337468633088,1788448870000-649034868264558592-1552709337468633088,1788448870000,1788457619000,1,86.22,27.215,3.1681058239941207
1537489465788858368,1788437057000-649034868264558592-1537489465788858368,1788437057000,1788447515000,1,86.189,25.298,3.4069491659419717
1192134868188790784,1788451942000-649034868264558592-1192134868188790784,1788451942000,1788458238000,1,85.188,34.247,2.487458755511432
1552709347677569024,1788441292000-649034868264558592-1552709347677569024,1788441292000,1788450747000,2,84.515,26.2,3.225763358778626
1334832578175172608,1788445857000-649034868264558592-1334832578175172608,1788445857000,1788455347000,1,84.126,31.432,2.6764443878849584
1220369364222476288,1788439414000-649034868264558592-1220369364222476288,1788439414000,1788449243000,1,84.085,30.123,2.7913886399097034
1146410747421523968,1788443101000-649034868264558592-1146410747421523968,1788443101000,1788452487000,1,84.023,31.591,2.6597132094583897
1268894095296692224,1788447107000-649034868264558592-1268894095296692224,1788447107000,1788454603000,1,83.914,32.067,2.616833504849222
1474013563159838720,1788445499000-649034868264558592-1474013563159838720,1788445499000,1788454248000,2,83.36,29.876,2.790199491230419
1192134793974775808,1788433892000-649034868264558592-1192134793974775808,1788433892000,1788458237000,1,80.868,33.587,2.4077172715634023
1268894298644938752,1788448327000-649034868264558592-1268894298644938752,1788448327000,1788457198000,1,80.174,24.839,3.227746688675068
1268893877926887424,1788440204000-649034868264558592-1268893877926887424,1788440204000,1788458795000,1,79.913,40.104,1.9926441252742868
1140330395766620160,1788451828000-649034868264558592-1140330395766620160,1788451828000,1788456004000,1,74.532,19.019,3.9188180240811823
1474013287929610240,1788447926000-649034868264558592-1474013287929610240,1788447926000,1788461492000,1,74.511,33.589,2.2183155199618922
1140330319757443072,1788434390000-649034868264558592-1140330319757443072,1788434390000,1788451305000,1,74.095,45.481,1.6291418394494404
1537489451758911488,1788431794000-649034868264558592-1537489451758911488,1788431794000,1788446402000,1,73.002,33.153,2.2019726721563657
1536322320262496256,1788429550000-649034868264558592-1536322320262496256,1788429550000,1788446099000,1,72.684,41.551,1.749271979013742
1334832669606805504,1788436436000-649034868264558592-1334832669606805504,1788436436000,1788455953000,2,71.64,36.986000000000004,1.9369491158816847
1552709318082560000,1788443259000-649034868264558592-1552709318082560000,1788443259000,1788457926000,2,69.395,31.344,2.2139803471158754
1406271868830220288,1788440433000-649034868264558592-1406271868830220288,1788440433000,1788454483000,2,68.14,35.855,1.900432296750802
1289228109731594240,1788390766000-649034868264558592-1289228109731594240,1788390766000,1788395116000,1,64.778,23.309,2.779098202411086
1289228109731594240,1788395504000-649034868264558592-1289228109731594240,1788395504000,1788400370000,1,60.863,23.456,2.594773192360164
1289228109731594240,1788470784000-649034868264558592-1289228109731594240,1788470784000,1788475137000,1,57.396,20.533,2.7953051185895874
1289228109731594240,1788453095000-649034868264558592-1289228109731594240,1788453095000,1788456006000,1,55.78,17.5,3.1874285714285713
1494312366358134784,1788454040000-649034868264558592-1494312366358134784,1788454040000,1788460867000,1,53.39,22.825,2.3391018619934285
1334832234422599680,1788450513000-649034868264558592-1334832234422599680,1788450513000,1788458103000,1,47.595,26.191,1.8172272918178
1494312366358134784,1788450051000-649034868264558592-1494312366358134784,1788450051000,1788452501000,1,44.822,15.735,2.8485541785827775
1289228109731594240,1788445955000-649034868264558592-1289228109731594240,1788445955000,1788448560000,1,44.626,13.452,3.317424918227773
1289228109731594240,1788468475000-649034868264558592-1289228109731594240,1788468475000,1788470592000,1,44.453,14.445,3.077397023191416
1334833282986016768,1788440092000-649034868264558592-1334833282986016768,1788440092000,1788452039000,1,43.382,17.267,2.5124225401054034
1186996414987632640,1788430460000-649034868264558592-1186996414987632640,1788430460000,1788441891000,1,42.967,23.266,1.8467721138141495
1289228109731594240,1788476263000-649034868264558592-1289228109731594240,1788476263000,1788478841000,1,42.722,14.751,2.896210426411769
1289228109731594240,1788463622000-649034868264558592-1289228109731594240,1788463622000,1788465584000,1,39.654,11.343,3.4959005554086224
1289228109731594240,1788461454000-649034868264558592-1289228109731594240,1788461454000,1788463531000,1,38.158,12.497,3.053372809474274
1066488795177680896,1788451299000-649034868264558592-1066488795177680896,1788451299000,1788460984000,1,33.179,23.814,1.3932560678592425
1289228109731594240,1788417276000-649034868264558592-1289228109731594240,1788417276000,1788418942000,1,29.243,9.298,3.1450849645084964
1289228109731594240,1788458905000-649034868264558592-1289228109731594240,1788458905000,1788461014000,1,28.187,11.278,2.4992906543713422
1334832234422599680,1788442971000-649034868264558592-1334832234422599680,1788442971000,1788450480000,1,25.428,15.197,1.6732249786142004
1289228109731594240,1788479093000-649034868264558592-1289228109731594240,1788479093000,1788480607000,1,24.479,7.848,3.119138634046891
1289228109731594240,1788451016000-649034868264558592-1289228109731594240,1788451016000,1788452074000,1,22.215,6.28,3.537420382165605
1289228109731594240,1788466516000-649034868264558592-1289228109731594240,1788466516000,1788467512000,1,20.761,5.828,3.5622855181880575
682178375686553600,1788417964000-649034868264558592-682178375686553600,1788417964000,1788421979000,1,20.735,10.981,1.8882615426646026
682178375686553600,1788422123000-649034868264558592-682178375686553600,1788422123000,1788426829000,1,19.059,8.215,2.320024345709069
1289228109731594240,1788467550000-649034868264558592-1289228109731594240,1788467550000,1788468437000,1,18.061,5.448,3.315161527165932
1334833282986016768,1788452047000-649034868264558592-1334833282986016768,1788452047000,1788455155000,1,17.98,5.773,3.114498527628616
1289228109731594240,1788452111000-649034868264558592-1289228109731594240,1788452111000,1788453059000,1,17.544,5.541,3.1662154845695722
1268894298644938752,1788428999000-649034868264558592-1268894298644938752,1788428999000,1788431213000,1,16.8,5.108,3.2889584964761163
1289228109731594240,1788465587000-649034868264558592-1289228109731594240,1788465587000,1788466479000,1,16.256,4.934,3.2946899067693556
1289228109731594240,1788458016000-649034868264558592-1289228109731594240,1788458016000,1788458868000,1,14.635,5.268,2.7780941533788917
1289228109731594240,1788437946000-649034868264558592-1289228109731594240,1788437946000,1788438574000,1,11.31,2.89,3.913494809688581
1474016264899788800,1788416119000-649034868264558592-1474016264899788800,1788416119000,1788420734000,1,10.368,6.498,1.5955678670360112
1289228109731594240,1788439631000-649034868264558592-1289228109731594240,1788439631000,1788440351000,1,10.018,2.453,4.083978801467591
1289228109731594240,1788415843000-649034868264558592-1289228109731594240,1788415843000,1788417239000,1,9.802,3.654,2.6825396825396823
1289228109731594240,1788419388000-649034868264558592-1289228109731594240,1788419388000,1788419889000,1,8.856,2.802,3.1605995717344753
1192134642870779904,1788438041000-649034868264558592-1192134642870779904,1788438041000,1788440959000,1,8.167,3.974,2.0551082033215904
1289228109731594240,1788457529000-649034868264558592-1289228109731594240,1788457529000,1788457979000,1,7.475,2.244,3.331105169340463
1289228109731594240,1788456044000-649034868264558592-1289228109731594240,1788456044000,1788456866000,1,7.32,2.788,2.6255380200860836
1192134642870779904,1788440966000-649034868264558592-1192134642870779904,1788440966000,1788441828000,1,7.258,2.36,3.0754237288135595
1537489458834702336,1788428188000-649034868264558592-1537489458834702336,1788428188000,1788430329000,1,7.048,2.998,2.3509006004002666
1537489458834702336,1788407332000-649034868264558592-1537489458834702336,1788407332000,1788408629000,1,6.859,2.446,2.8041700735895336
1192134642870779904,1788463323000-649034868264558592-1192134642870779904,1788463323000,1788463638000,1,6.758,1.386,4.875901875901876
1192134642870779904,1788461551000-649034868264558592-1192134642870779904,1788461551000,1788461873000,1,6.58,1.703,3.8637698179682913
1066488795177680896,1788461029000-649034868264558592-1066488795177680896,1788461029000,1788461931000,1,6.307,2.497,2.5258309971966364
1289228109731594240,1788443959000-649034868264558592-1289228109731594240,1788443959000,1788444582000,1,5.974,1.77,3.375141242937853
1289228109731594240,1788442767000-649034868264558592-1289228109731594240,1788442767000,1788443131000,1,5.794,1.048,5.528625954198473
1289228109731594240,1788441663000-649034868264558592-1289228109731594240,1788441663000,1788442014000,1,5.588,1.014,5.510848126232742
1268894298644938752,1788424870000-649034868264558592-1268894298644938752,1788424870000,1788426872000,1,5.4,2.929,1.8436326391259819
1289228109731594240,1788444585000-649034868264558592-1289228109731594240,1788444585000,1788444969000,1,5.4,1.715,3.1486880466472305
1289228109731594240,1788420562000-649034868264558592-1289228109731594240,1788420562000,1788421112000,1,5.372,1.28,4.1968749999999995
1192134642870779904,1788461911000-649034868264558592-1192134642870779904,1788461911000,1788462177000,1,5.338,1.635,3.2648318042813456
1334832669606805504,1788433908000-649034868264558592-1334832669606805504,1788433908000,1788435649000,1,5.174,3.036,1.7042160737812913
1289228109731594240,1788461105000-649034868264558592-1289228109731594240,1788461105000,1788461417000,1,5.136,1.047,4.905444126074499
1474013287929610240,1788443159000-649034868264558592-1474013287929610240,1788443159000,1788445188000,1,5.124,3.327,1.5401262398557258
1289228109731594240,1788475837000-649034868264558592-1289228109731594240,1788475837000,1788476173000,1,4.41,1.258,3.505564387917329
1289228109731594240,1788457228000-649034868264558592-1289228109731594240,1788457228000,1788457491000,1,4.232,0.953,4.44071353620147
1192134642870779904,1788455969000-649034868264558592-1192134642870779904,1788455969000,1788457928000,1,4.172,2.264,1.842756183745583
1289228109731594240,1788436072000-649034868264558592-1289228109731594240,1788436072000,1788436365000,1,4.156,1.36,3.055882352941176
1289228109731594240,1788437687000-649034868264558592-1289228109731594240,1788437687000,1788437909000,1,4.116,0.751,5.48069241011984
1192134642870779904,1788463823000-649034868264558592-1192134642870779904,1788463823000,1788464019000,1,4.088,0.79,5.1746835443037975
1289228109731594240,1788442280000-649034868264558592-1289228109731594240,1788442280000,1788442543000,1,4.084,0.752,5.430851063829786
1289228109731594240,1788443169000-649034868264558592-1289228109731594240,1788443169000,1788443395000,1,3.799,0.992,3.8296370967741935
933044705925529600,1788441509000-649034868264558592-933044705925529600,1788441509000,1788442705000,1,3.761,1.464,2.5689890710382515
1192134642870779904,1788471544000-649034868264558592-1192134642870779904,1788471544000,1788471711000,1,3.739,1.448,2.582182320441989
1289228109731594240,1788450767000-649034868264558592-1289228109731594240,1788450767000,1788450979000,1,3.639,0.647,5.624420401854714
1289228109731594240,1788445251000-649034868264558592-1289228109731594240,1788445251000,1788445864000,1,3.602,1.119,3.2189454870420016
1192134642870779904,1788395119000-649034868264558592-1192134642870779904,1788395119000,1788395336000,1,3.48,0.632,5.506329113924051
1192134642870779904,1788442967000-649034868264558592-1192134642870779904,1788442967000,1788443173000,1,3.456,0.623,5.547351524879614
1289228109731594240,1788443543000-649034868264558592-1289228109731594240,1788443543000,1788443753000,1,3.456,1.171,2.95132365499573
1289228109731594240,1788434642000-649034868264558592-1289228109731594240,1788434642000,1788434954000,1,3.289,1.043,3.15340364333653
1151974728106246144,1788421783000-649034868264558592-1151974728106246144,1788421783000,1788423300000,1,2.896,1.511,1.9166115155526142
1289228109731594240,1788442051000-649034868264558592-1289228109731594240,1788442051000,1788442243000,1,2.805,0.504,5.565476190476191
1192134642870779904,1788473945000-649034868264558592-1192134642870779904,1788473945000,1788474150000,1,2.768,1.109,2.495942290351668
1192134642870779904,1788406603000-649034868264558592-1192134642870779904,1788406603000,1788406759000,1,2.767,0.861,3.213704994192799
1289228109731594240,1788443758000-649034868264558592-1289228109731594240,1788443758000,1788443922000,1,2.759,0.466,5.920600858369098
1289228109731594240,1788478879000-649034868264558592-1289228109731594240,1788478879000,1788479055000,1,2.645,0.447,5.917225950782997
1289228109731594240,1788442582000-649034868264558592-1289228109731594240,1788442582000,1788442728000,1,2.517,0.433,5.812933025404157
1289228109731594240,1788445059000-649034868264558592-1289228109731594240,1788445059000,1788445213000,1,2.463,0.423,5.822695035460994
1289228109731594240,1788419162000-649034868264558592-1289228109731594240,1788419162000,1788419352000,1,2.424,0.408,5.9411764705882355
1289228109731594240,1788437200000-649034868264558592-1289228109731594240,1788437200000,1788437357000,1,2.42,0.452,5.353982300884955
1289228109731594240,1788435448000-649034868264558592-1289228109731594240,1788435448000,1788435732000,1,2.404,0.861,2.7921022067363532
1289228109731594240,1788435878000-649034868264558592-1289228109731594240,1788435878000,1788436034000,1,2.389,0.419,5.701670644391408
1192134642870779904,1788405721000-649034868264558592-1192134642870779904,1788405721000,1788405886000,1,2.386,0.54,4.4185185185185185
1192134642870779904,1788468480000-649034868264558592-1192134642870779904,1788468480000,1788468652000,1,2.353,0.599,3.928213689482471
1140330395766620160,1788437362000-649034868264558592-1140330395766620160,1788437362000,1788439227000,1,2.338,2.465,0.9484787018255579
682178375686553600,1788443894000-649034868264558592-682178375686553600,1788443894000,1788444614000,1,2.267,0.717,3.161785216178522
1406271868830220288,1788438675000-649034868264558592-1406271868830220288,1788438675000,1788440431000,1,2.244,2.445,0.9177914110429449
1289228109731594240,1788441468000-649034868264558592-1289228109731594240,1788441468000,1788441625000,1,2.234,0.391,5.713554987212276
1334832578175172608,1788441715000-649034868264558592-1334832578175172608,1788441715000,1788443896000,1,2.228,2.831,0.7870010596962205
1192134642870779904,1788401624000-649034868264558592-1192134642870779904,1788401624000,1788402097000,1,2.222,1.101,2.0181653042688463
1192134642870779904,1788448185000-649034868264558592-1192134642870779904,1788448185000,1788448479000,1,2.095,0.774,2.70671834625323
1289228109731594240,1788418945000-649034868264558592-1289228109731594240,1788418945000,1788419124000,1,2.085,0.392,5.318877551020408
1268894298644938752,1788445958000-649034868264558592-1268894298644938752,1788445958000,1788447067000,1,2.048,0.762,2.6876640419947506
1289228109731594240,1788440389000-649034868264558592-1289228109731594240,1788440389000,1788440547000,1,2.036,0.346,5.884393063583816
1192134642870779904,1788451736000-649034868264558592-1192134642870779904,1788451736000,1788451891000,1,1.831,0.641,2.856474258970359
1289228109731594240,1788436932000-649034868264558592-1289228109731594240,1788436932000,1788437050000,1,1.774,0.323,5.492260061919504
1289228109731594240,1788436618000-649034868264558592-1289228109731594240,1788436618000,1788436731000,1,1.753,0.366,4.7896174863387975
1289228109731594240,1788435211000-649034868264558592-1289228109731594240,1788435211000,1788435357000,1,1.544,0.287,5.379790940766551
1192134642870779904,1788466594000-649034868264558592-1192134642870779904,1788466594000,1788466756000,1,1.501,0.544,2.759191176470588
1192134642870779904,1788393588000-649034868264558592-1192134642870779904,1788393588000,1788393763000,1,1.156,0.194,5.958762886597937
1289228109731594240,1788420304000-649034868264558592-1289228109731594240,1788420304000,1788420416000,1,1.081,0.19,5.689473684210526
1192134642870779904,1788460408000-649034868264558592-1192134642870779904,1788460408000,1788461007000,1,0.951,0.444,2.1418918918918917
1192134642870779904,1788394045000-649034868264558592-1192134642870779904,1788394045000,1788394288000,1,0.927,0.31,2.9903225806451617
682178685842751488,1788399570000-649034868264558592-682178685842751488,1788399570000,1788400214000,1,0.902,0.837,1.077658303464755
1289228109731594240,1788434326000-649034868264558592-1289228109731594240,1788434326000,1788434442000,1,0.821,0.465,1.7655913978494622
1561408897250492416,1788443442000-649034868264558592-1561408897250492416,1788443442000,1788444627000,1,0.76,1.444,0.5263157894736842
1289228109731594240,1788438769000-649034868264558592-1289228109731594240,1788438769000,1788439540000,1,0.695,0.93,0.7473118279569891
1289228109731594240,1788450572000-649034868264558592-1289228109731594240,1788450572000,1788450729000,1,0.672,0.113,5.946902654867257
1474016042442293248,1788418049000-649034868264558592-1474016042442293248,1788418049000,1788418945000,1,0.655,0.97,0.6752577319587629
1552709337468633088,1788415585000-649034868264558592-1552709337468633088,1788415585000,1788416201000,1,0.653,0.38,1.718421052631579
1537489465788858368,1788413535000-649034868264558592-1537489465788858368,1788413535000,1788414043000,1,0.642,0.673,0.9539375928677563
1474013563159838720,1788420668000-649034868264558592-1474013563159838720,1788420668000,1788421951000,1,0.624,0.595,1.0487394957983194
682178375686553600,1788400935000-649034868264558592-682178375686553600,1788400935000,1788401406000,1,0.619,0.714,0.8669467787114846
1334832578175172608,1788414207000-649034868264558592-1334832578175172608,1788414207000,1788415837000,1,0.597,1.684,0.35451306413301664
1518565483060658176,1788415364000-649034868264558592-1518565483060658176,1788415364000,1788416777000,1,0.396,1.243,0.3185840707964602
1220369364222476288,1788425249000-649034868264558592-1220369364222476288,1788425249000,1788426598000,1,0.27,0.828,0.3260869565217392
1220369364222476288,1788429306000-649034868264558592-1220369364222476288,1788429306000,1788429565000,1,0.251,0.177,1.4180790960451979
682178375686553600,1788446729000-649034868264558592-682178375686553600,1788446729000,1788447150000,1,0.216,0.499,0.43286573146292584
1192134718468915200,1788405310000-649034868264558592-1192134718468915200,1788405310000,1788405666000,1,0.152,0.262,0.5801526717557252
1146410747421523968,1788422004000-649034868264558592-1146410747421523968,1788422004000,1788422856000,1,0.13,0.815,0.15950920245398775
1494312254978392064,1788413703000-649034868264558592-1494312254978392064,1788413703000,1788416679000,1,0.117,2.217,0.05277401894451962
1474016042442293248,1788413968000-649034868264558592-1474016042442293248,1788413968000,1788414996000,1,0.114,0.941,0.12114771519659938
1334833384924381184,1788437485000-649034868264558592-1334833384924381184,1788437485000,1788439660000,1,0.1,0.345,0.2898550724637682
1220369364222476288,1788418256000-649034868264558592-1220369364222476288,1788418256000,1788418874000,1,0.096,0.462,0.20779220779220778
1537489465788858368,1788403965000-649034868264558592-1537489465788858368,1788403965000,1788404432000,1,0.089,0.246,0.36178861788617883
1537489458834702336,1788413593000-649034868264558592-1537489458834702336,1788413593000,1788414059000,1,0.084,0.361,0.2326869806094183
933044705925529600,1788426816000-649034868264558592-933044705925529600,1788426816000,1788433060000,1,0.076,2.645,0.02873345935727788
1147228695027515392,1788443321000-649034868264558592-1147228695027515392,1788443321000,1788444235000,1,0.073,0.484,0.15082644628099173
1268893955106275328,1788443829000-649034868264558592-1268893955106275328,1788443829000,1788445107000,1,0.072,1.103,0.06527651858567543
1146410747421523968,1788428547000-649034868264558592-1146410747421523968,1788428547000,1788433055000,1,0.071,4.249,0.01670981407389974
1494312366358134784,1788411837000-649034868264558592-1494312366358134784,1788411837000,1788412189000,1,0.068,0.203,0.33497536945812806
1334833384924381184,1788413702000-649034868264558592-1334833384924381184,1788413702000,1788413978000,1,0.067,0.145,0.4620689655172414
1518565483060658176,1788412949000-649034868264558592-1518565483060658176,1788412949000,1788413161000,1,0.062,0.061,1.0163934426229508
933044705925529600,1788409438000-649034868264558592-933044705925529600,1788409438000,1788411366000,1,0.06,0.478,0.12552301255230125
682178685842751488,1788400444000-649034868264558592-682178685842751488,1788400444000,1788401409000,1,0.057,0.855,0.06666666666666667
1552709347677569024,1788419416000-649034868264558592-1552709347677569024,1788419416000,1788420999000,1,0.056,0.899,0.06229143492769744
1146410747421523968,1788423623000-649034868264558592-1146410747421523968,1788423623000,1788424734000,1,0.054,0.915,0.059016393442622946
1268893877926887424,1788435303000-649034868264558592-1268893877926887424,1788435303000,1788436687000,1,0.052,1.064,0.04887218045112782
1268893877926887424,1788429098000-649034868264558592-1268893877926887424,1788429098000,1788431904000,1,0.051,2.132,0.02392120075046904
1066488845387694080,1788404064000-649034868264558592-1066488845387694080,1788404064000,1788404479000,1,0.045,0.319,0.14106583072100312
1284476928488636416,1788418647000-649034868264558592-1284476928488636416,1788418647000,1788418813000,1,0.045,0.075,0.6
1289228109731594240,1788432917000-649034868264558592-1289228109731594240,1788432917000,1788433252000,1,0.044,0.247,0.17813765182186234
1494313280225673216,1788427220000-649034868264558592-1494313280225673216,1788427220000,1788427716000,1,0.042,0.428,0.09813084112149534
1284476928488636416,1788420900000-649034868264558592-1284476928488636416,1788420900000,1788421136000,1,0.041,0.083,0.4939759036144578
1147228695027515392,1788422774000-649034868264558592-1147228695027515392,1788422774000,1788423376000,1,0.04,0.359,0.11142061281337048
1147228695027515392,1788432087000-649034868264558592-1147228695027515392,1788432087000,1788432864000,1,0.04,0.299,0.13377926421404684
1494312585351135232,1788423050000-649034868264558592-1494312585351135232,1788423050000,1788427431000,1,0.04,3.31,0.012084592145015106
1146410747421523968,1788440937000-649034868264558592-1146410747421523968,1788440937000,1788441350000,1,0.039,0.228,0.17105263157894737
1284476928488636416,1788428697000-649034868264558592-1284476928488636416,1788428697000,1788429483000,1,0.039,0.594,0.06565656565656566
1494312472553717760,1788422882000-649034868264558592-1494312472553717760,1788422882000,1788424230000,1,0.039,1.323,0.02947845804988662
682178375686553600,1788414803000-649034868264558592-682178375686553600,1788414803000,1788416384000,1,0.039,1.798,0.021690767519466074
1494312254978392064,1788450746000-649034868264558592-1494312254978392064,1788450746000,1788450919000,1,0.038,0.139,0.27338129496402874
1192134718468915200,1788423756000-649034868264558592-1192134718468915200,1788423756000,1788424314000,1,0.032,0.384,0.08333333333333333
1518565483060658176,1788412304000-649034868264558592-1518565483060658176,1788412304000,1788412614000,1,0.031,0.17,0.18235294117647058
682178375686553600,1788432346000-649034868264558592-682178375686553600,1788432346000,1788432673000,1,0.031,0.258,0.12015503875968991
1147228695027515392,1788426865000-649034868264558592-1147228695027515392,1788426865000,1788427284000,1,0.03,0.182,0.16483516483516483
1186996301657538560,1788436878000-649034868264558592-1186996301657538560,1788436878000,1788437154000,1,0.03,0.159,0.18867924528301885
1494312585351135232,1788429352000-649034868264558592-1494312585351135232,1788429352000,1788431624000,1,0.028,1.814,0.015435501653803748
1494312254978392064,1788424088000-649034868264558592-1494312254978392064,1788424088000,1788424392000,1,0.027,0.139,0.19424460431654675
1494312254978392064,1788433065000-649034868264558592-1494312254978392064,1788433065000,1788433452000,1,0.024,0.24,0.1
933044705925529600,1788436151000-649034868264558592-933044705925529600,1788436151000,1788440667000,1,0.023,1.422,0.01617440225035162
1537489458834702336,1788433156000-649034868264558592-1537489458834702336,1788433156000,1788433594000,1,0.022,0.329,0.0668693009118541
1536322320262496256,1788421552000-649034868264558592-1536322320262496256,1788421552000,1788422980000,1,0.019,1.219,0.015586546349466775
1146410747421523968,1788435547000-649034868264558592-1146410747421523968,1788435547000,1788437596000,1,0.018,1.537,0.011711125569290826
1494312254978392064,1788418999000-649034868264558592-1494312254978392064,1788418999000,1788419453000,1,0.018,0.404,0.044554455445544545
1284476928488636416,1788421324000-649034868264558592-1284476928488636416,1788421324000,1788421774000,1,0.017,0.308,0.0551948051948052
1147228695027515392,1788424993000-649034868264558592-1147228695027515392,1788424993000,1788425428000,1,0.015,0.296,0.05067567567567568
1066488845387694080,1788418389000-649034868264558592-1066488845387694080,1788418389000,1788418877000,1,0.014,0.679,0.020618556701030927
1151974728106246144,1788414890000-649034868264558592-1151974728106246144,1788414890000,1788415144000,1,0.014,0.14,0.09999999999999999
1552709347677569024,1788436114000-649034868264558592-1552709347677569024,1788436114000,1788436665000,1,0.013,0.264,0.04924242424242424
1146410747421523968,1788435047000-649034868264558592-1146410747421523968,1788435047000,1788435251000,1,0.012,0.092,0.13043478260869565
1474013563159838720,1788418963000-649034868264558592-1474013563159838720,1788418963000,1788419451000,1,0.012,0.369,0.032520325203252036
1066488845387694080,1788448747000-649034868264558592-1066488845387694080,1788448747000,1788449176000,1,0.011,0.405,0.02716049382716049
1474016042442293248,1788421642000-649034868264558592-1474016042442293248,1788421642000,1788422274000,1,0.011,0.501,0.021956087824351295
933044705925529600,1788435115000-649034868264558592-933044705925529600,1788435115000,1788435945000,1,0.011,0.376,0.029255319148936167
1146410298802962432,1788427163000-649034868264558592-1146410298802962432,1788427163000,1788429538000,1,0.01,1.478,0.006765899864682003
1268894298644938752,1788433766000-649034868264558592-1268894298644938752,1788433766000,1788434141000,1,0.01,0.221,0.04524886877828054
1334833384924381184,1788432750000-649034868264558592-1334833384924381184,1788432750000,1788432986000,1,0.01,0.075,0.13333333333333333
1474013287929610240,1788419809000-649034868264558592-1474013287929610240,1788419809000,1788425715000,1,0.01,4.453,0.0022456770716370983
1537489458834702336,1788401745000-649034868264558592-1537489458834702336,1788401745000,1788402047000,1,0.01,0.19,0.05263157894736842
933044705925529600,1788407402000-649034868264558592-933044705925529600,1788407402000,1788407669000,1,0.01,0.042,0.23809523809523808
933044705925529600,1788417527000-649034868264558592-933044705925529600,1788417527000,1788418828000,1,0.01,0.723,0.013831258644536654
1536322320262496256,1788414537000-649034868264558592-1536322320262496256,1788414537000,1788415739000,1,0.009,1.045,0.00861244019138756
1334833384924381184,1788423546000-649034868264558592-1334833384924381184,1788423546000,1788423770000,1,0.008,0.052,0.15384615384615385
1552709347677569024,1788426985000-649034868264558592-1552709347677569024,1788426985000,1788427139000,1,0.008,0.079,0.10126582278481013
1284476928488636416,1788425685000-649034868264558592-1284476928488636416,1788425685000,1788425864000,1,0.007,0.04,0.175
1561408897250492416,1788446160000-649034868264558592-1561408897250492416,1788446160000,1788447303000,1,0.007,1.012,0.00691699604743083
1284476928488636416,1788432314000-649034868264558592-1284476928488636416,1788432314000,1788432444000,1,0.006,0.022,0.27272727272727276
1494313280225673216,1788420629000-649034868264558592-1494313280225673216,1788420629000,1788420766000,1,0.006,0.088,0.06818181818181819
1268894298644938752,1788409526000-649034868264558592-1268894298644938752,1788409526000,1788410497000,1,0.005,0.479,0.010438413361169102
1289228109731594240,1788475400000-649034868264558592-1289228109731594240,1788475400000,1788475532000,1,0.005,0.087,0.0574712643678161
1334833384924381184,1788413242000-649034868264558592-1334833384924381184,1788413242000,1788413698000,1,0.005,0.139,0.03597122302158273
1552709337468633088,1788415284000-649034868264558592-1552709337468633088,1788415284000,1788415536000,1,0.005,0.082,0.06097560975609756
930508235230674944,1788432552000-649034868264558592-930508235230674944,1788432552000,1788433020000,1,0.005,0.229,0.021834061135371178
1552709327888842752,1788442967000-649034868264558592-1552709327888842752,1788442967000,1788444161000,1,0.004,0.588,0.006802721088435375
1561408916011614208,1788424277000-649034868264558592-1561408916011614208,1788424277000,1788424971000,1,0.004,0.544,0.007352941176470588
1561408916011614208,1788436620000-649034868264558592-1561408916011614208,1788436620000,1788437089000,1,0.004,0.396,0.0101010101010101
1192134793974775808,1788425512000-649034868264558592-1192134793974775808,1788425512000,1788428284000,1,0.003,1.809,0.001658374792703151
1494312254978392064,1788420535000-649034868264558592-1494312254978392064,1788420535000,1788420708000,1,0.003,0.064,0.046875
933044705925529600,1788414519000-649034868264558592-933044705925529600,1788414519000,1788414633000,1,0.003,0.085,0.03529411764705882
1494312366358134784,1788430636000-649034868264558592-1494312366358134784,1788430636000,1788430916000,1,0.001,0.156,0.00641025641025641
1066488795177680896,1788442027000-649034868264558592-1066488795177680896,1788442027000,1788442284000,1,0.0,0.257,0.0
1066488795177680896,1788442749000-649034868264558592-1066488795177680896,1788442749000,1788443103000,1,0.0,0.371,0.0
1066488795177680896,1788448223000-649034868264558592-1066488795177680896,1788448223000,1788448476000,1,0.0,0.228,0.0
1066488795177680896,1788462748000-649034868264558592-1066488795177680896,1788462748000,1788463081000,1,0.0,0.241,0.0
1066488845387694080,1788416267000-649034868264558592-1066488845387694080,1788416267000,1788416512000,1,0.0,0.356,0.0
1066488845387694080,1788440268000-649034868264558592-1066488845387694080,1788440268000,1788440480000,1,0.0,0.193,0.0
1140330395766620160,1788416458000-649034868264558592-1140330395766620160,1788416458000,1788417267000,1,0.0,0.74,0.0
1140330395766620160,1788433303000-649034868264558592-1140330395766620160,1788433303000,1788433518000,1,0.0,0.073,0.0
1140330395766620160,1788433689000-649034868264558592-1140330395766620160,1788433689000,1788433901000,1,0.0,0.106,0.0
1146409880471470080,1788461225000-649034868264558592-1146409880471470080,1788461225000,1788461415000,1,0.0,0.163,0.0
1146410747421523968,1788419779000-649034868264558592-1146410747421523968,1788419779000,1788420509000,1,0.0,0.617,0.0
1146410747421523968,1788433208000-649034868264558592-1146410747421523968,1788433208000,1788434641000,1,0.0,1.18,0.0
1146410747421523968,1788438949000-649034868264558592-1146410747421523968,1788438949000,1788440209000,1,0.0,1.087,0.0
1147228695027515392,1788424343000-649034868264558592-1147228695027515392,1788424343000,1788424598000,1,0.0,0.06,0.0
1147228695027515392,1788433060000-649034868264558592-1147228695027515392,1788433060000,1788433582000,1,0.0,0.161,0.0
1147228695027515392,1788436185000-649034868264558592-1147228695027515392,1788436185000,1788436736000,1,0.0,0.442,0.0
1186996301657538560,1788431572000-649034868264558592-1186996301657538560,1788431572000,1788433129000,1,0.0,1.183,0.0
1192134718468915200,1788415307000-649034868264558592-1192134718468915200,1788415307000,1788415508000,1,0.0,0.038,0.0
1192134868188790784,1788414181000-649034868264558592-1192134868188790784,1788414181000,1788414582000,1,0.0,0.226,0.0
1192134868188790784,1788428751000-649034868264558592-1192134868188790784,1788428751000,1788429145000,1,0.0,0.192,0.0
1192134868188790784,1788436402000-649034868264558592-1192134868188790784,1788436402000,1788436755000,1,0.0,0.221,0.0
1220369221305761792,1788433846000-649034868264558592-1220369221305761792,1788433846000,1788434764000,1,0.0,0.857,0.0
1289228109731594240,1788395153000-649034868264558592-1289228109731594240,1788395153000,1788395413000,1,0.0,0.071,0.0
1289228109731594240,1788421149000-649034868264558592-1289228109731594240,1788421149000,1788421188000,1,0.0,0.001,0.0
1289228109731594240,1788422452000-649034868264558592-1289228109731594240,1788422452000,1788422583000,1,0.0,0.093,0.0
1289228109731594240,1788424580000-649034868264558592-1289228109731594240,1788424580000,1788425781000,1,0.0,0.96,0.0
1289228109731594240,1788429270000-649034868264558592-1289228109731594240,1788429270000,1788430715000,1,0.0,1.181,0.0
1289228109731594240,1788433290000-649034868264558592-1289228109731594240,1788433290000,1788434128000,1,0.0,0.543,0.0
1289228109731594240,1788440584000-649034868264558592-1289228109731594240,1788440584000,1788440798000,1,0.0,0.057,0.0
1289228109731594240,1788475175000-649034868264558592-1289228109731594240,1788475175000,1788475362000,1,0.0,0.001,0.0
1334832578175172608,1788422363000-649034868264558592-1334832578175172608,1788422363000,1788423117000,1,0.0,0.641,0.0
1334832669606805504,1788418621000-649034868264558592-1334832669606805504,1788418621000,1788418837000,1,0.0,0.154,0.0
1334833282986016768,1788437416000-649034868264558592-1334833282986016768,1788437416000,1788437872000,1,0.0,0.121,0.0
1334833282986016768,1788439130000-649034868264558592-1334833282986016768,1788439130000,1788439328000,1,0.0,0.053,0.0
1334833384924381184,1788416721000-649034868264558592-1334833384924381184,1788416721000,1788418589000,1,0.0,0.03,0.0
1334833501215653888,1788425987000-649034868264558592-1334833501215653888,1788425987000,1788427662000,1,0.0,1.083,0.0
1406271868830220288,1788419854000-649034868264558592-1406271868830220288,1788419854000,1788420274000,1,0.0,0.381,0.0
1406271868830220288,1788420547000-649034868264558592-1406271868830220288,1788420547000,1788421577000,1,0.0,0.874,0.0
1406271868830220288,1788437625000-649034868264558592-1406271868830220288,1788437625000,1788438021000,1,0.0,0.258,0.0
1406271868830220288,1788438055000-649034868264558592-1406271868830220288,1788438055000,1788438095000,1,0.0,0.025,0.0
1406271868830220288,1788438125000-649034868264558592-1406271868830220288,1788438125000,1788438655000,1,0.0,0.486,0.0
1474013221449891840,1788418398000-649034868264558592-1474013221449891840,1788418398000,1788419623000,1,0.0,1.008,0.0
1474013287929610240,1788433021000-649034868264558592-1474013287929610240,1788433021000,1788435268000,1,0.0,1.701,0.0
1474013287929610240,1788446836000-649034868264558592-1474013287929610240,1788446836000,1788446960000,1,0.0,0.067,0.0
1474016042442293248,1788423494000-649034868264558592-1474016042442293248,1788423494000,1788424287000,1,0.0,0.614,0.0
1474016042442293248,1788424406000-649034868264558592-1474016042442293248,1788424406000,1788425705000,1,0.0,0.937,0.0
1494313280225673216,1788428909000-649034868264558592-1494313280225673216,1788428909000,1788429307000,1,0.0,0.405,0.0
1518565483060658176,1788423369000-649034868264558592-1518565483060658176,1788423369000,1788423422000,1,0.0,0.024,0.0
1537489465788858368,1788416243000-649034868264558592-1537489465788858368,1788416243000,1788416381000,1,0.0,0.089,0.0
1537489465788858368,1788417598000-649034868264558592-1537489465788858368,1788417598000,1788421775000,1,0.0,2.701,0.0
1537489465788858368,1788422001000-649034868264558592-1537489465788858368,1788422001000,1788422980000,1,0.0,0.698,0.0
1552709337468633088,1788421094000-649034868264558592-1552709337468633088,1788421094000,1788421511000,1,0.0,0.336,0.0
1552709337468633088,1788421561000-649034868264558592-1552709337468633088,1788421561000,1788421957000,1,0.0,0.312,0.0
1552709337468633088,1788430364000-649034868264558592-1552709337468633088,1788430364000,1788430525000,1,0.0,0.04,0.0
1561408897250492416,1788411900000-649034868264558592-1561408897250492416,1788411900000,1788414114000,1,0.0,1.91,0.0
1561408897250492416,1788415039000-649034868264558592-1561408897250492416,1788415039000,1788417820000,1,0.0,2.124,0.0
1561408897250492416,1788421183000-649034868264558592-1561408897250492416,1788421183000,1788421716000,1,0.0,0.457,0.0
1561408897250492416,1788425855000-649034868264558592-1561408897250492416,1788425855000,1788426932000,1,0.0,0.931,0.0
1561408897250492416,1788430710000-649034868264558592-1561408897250492416,1788430710000,1788431448000,1,0.0,0.643,0.0
1561408897250492416,1788432638000-649034868264558592-1561408897250492416,1788432638000,1788433385000,1,0.0,0.633,0.0
1561408897250492416,1788439362000-649034868264558592-1561408897250492416,1788439362000,1788440235000,1,0.0,0.74,0.0
1561408897250492416,1788440840000-649034868264558592-1561408897250492416,1788440840000,1788441543000,1,0.0,0.7,0.0
933044705925529600,1788411410000-649034868264558592-933044705925529600,1788411410000,1788412062000,1,0.0,0.363,0.0
933044705925529600,1788412315000-649034868264558592-933044705925529600,1788412315000,1788412615000,1,0.0,0.126,0.0
933044705925529600,1788415517000-649034868264558592-933044705925529600,1788415517000,1788415784000,1,0.0,0.365,0.0
933044705925529600,1788416542000-649034868264558592-933044705925529600,1788416542000,1788416944000,1,0.0,0.239,0.0
933044705925529600,1788418872000-649034868264558592-933044705925529600,1788418872000,1788418966000,1,0.0,0.067,0.0
933044705925529600,1788425548000-649034868264558592-933044705925529600,1788425548000,1788425733000,1,0.0,0.279,0.0
