vehicle_id_agg,trip_id,start_time_agg,end_time_agg,counts,total_distance,total_fuel_consumed,mean_mileage,account_id,start_time_trips,vehicle_id_trips,vehicle_plate,duration,end_time_trips,distance,engine_hours,fuel_consumed,mileage,odo_distance_km,raw_fuel_consumed,id,carbon_emission
1494312585351135232,1773671168000-649034868264558592-1494312585351135232,1773671168000,1773726055000,3,866.828,260.826,3.3233956737441814,649034868264558592,1773671168000,1494312585351135232,MP09AZ0009,54887000,1773726055000,866.884,15.203055555555466,260.64236585572297,3.325952007663476,860.5299999999988,260.64236585572297,1773671168000-649034868264558592-1494312585351135232,
1186996301657538560,1773681153000-649034868264558592-1186996301657538560,1773681153000,1773738869000,2,800.256,290.75,2.7523852106620805,649034868264558592,1773681153000,1186996301657538560,MP09ZT0009,57716000,1773738869000,800.304,15.998055555555766,290.98267785924605,2.750349285008376,777.6800000000512,290.98267785924605,1773681153000-649034868264558592-1186996301657538560,
1140330319757443072,1773671413000-649034868264558592-1140330319757443072,1773671413000,1773728829000,3,797.511,283.318,2.814897041486951,649034868264558592,1773671413000,1140330319757443072,MP09ZL9990,57416000,1773728829000,797.602,15.875555555555366,283.4431993550025,2.813974728675822,797.1199999999953,283.4431993550025,1773671413000-649034868264558592-1140330319757443072,
1518565483060658176,1773673074000-649034868264558592-1518565483060658176,1773673074000,1773724273000,2,794.435,248.999,3.1905148213446637,649034868264558592,1773673074000,1518565483060658176,MP09BK9000,51199000,1773724273000,794.479,14.173888888888882,248.85011843557623,3.1926004495982565,784.8400000000001,248.85011843557623,1773673074000-649034868264558592-1518565483060658176,
1066488845387694080,1773661299000-649034868264558592-1066488845387694080,1773661299000,1773718941000,2,756.531,256.051,2.9546106049185514,649034868264558592,1773661299000,1066488845387694080,MP09PA3330,57642000,1773718941000,756.558,15.976666666665551,256.10625069622336,2.9540786214444257,751.6000000000931,256.10625069622336,1773661299000-649034868264558592-1066488845387694080,
1494312366358134784,1773676187000-649034868264558592-1494312366358134784,1773676187000,1773722148000,3,717.73,222.861,3.220527593432678,649034868264558592,1773676187000,1494312366358134784,MP09AX9990,45961000,1773722148000,717.764,12.733055555555666,222.79212699953604,3.2216757821136772,,222.79212699953604,1773676187000-649034868264558592-1494312366358134784,
1284477133422329856,1773672892000-649034868264558592-1284477133422329856,1773672892000,1773712043000,3,662.612,186.639,3.550233338155476,649034868264558592,1773672892000,1284477133422329856,MP09DH9990,39151000,1773712043000,662.647,10.800000000001091,187.2960000000021,3.5379666410387443,712.0100000000093,187.2960000000021,1773672892000-649034868264558592-1284477133422329856,
1406272050288394240,1773662318000-649034868264558592-1406272050288394240,1773662318000,1773719956000,4,661.375,248.442,2.662090145788554,649034868264558592,1773662318000,1406272050288394240,MP09AT9000,57638000,1773719956000,661.478,15.983055555555438,248.4390352615924,2.6625365023797514,657.8999999999942,248.4390352615924,1773662318000-649034868264558592-1406272050288394240,
1334833185816576000,1773672621000-649034868264558592-1334833185816576000,1773672621000,1773709084000,1,632.821,173.917,3.63863797098616,649034868264558592,1773672621000,1334833185816576000,MP09DS0999,36463000,1773709084000,632.821,10.049999999999272,173.91660244634824,3.638646288500374,655.3449999999721,173.91660244634824,1773672621000-649034868264558592-1334833185816576000,
933044705925529600,1773675199000-649034868264558592-933044705925529600,1773675199000,1773712912000,1,632.575,181.224,3.490569681719861,649034868264558592,1773675199000,933044705925529600,MP07P5550,37713000,1773712912000,632.575,0.0,181.22393874254664,3.4905708616048745,585.1800000000512,181.22393874254664,1773675199000-649034868264558592-933044705925529600,
1192134718468915200,1773663178000-649034868264558592-1192134718468915200,1773663178000,1773711989000,3,628.7,191.70600000000002,3.2795009024235027,649034868264558592,1773663178000,1192134718468915200,MP09ZT0099,48811000,1773711989000,614.188,13.5,192.06743814694866,3.1977726465539233,653.3449999999721,192.06743814694866,1773663178000-649034868264558592-1192134718468915200,
1334832234422599680,1773599771000-649034868264558592-1334832234422599680,1773599771000,1773644480000,3,614.113,232.975,2.6359609400150235,649034868264558592,1773599771000,1334832234422599680,MP09DR0666,44709000,1773644480000,566.918,12.382499999999709,216.10801262427324,2.6233085627678565,,216.10801262427324,1773599771000-649034868264558592-1334832234422599680,
1474013563159838720,1773673919000-649034868264558592-1474013563159838720,1773673919000,1773728607000,3,613.082,228.89499999999998,2.6784420804298916,649034868264558592,1773673919000,1474013563159838720,MP09AM9990,54688000,1773728607000,613.154,15.149999999999636,228.93697438479055,2.678265499261071,609.8249999999971,228.93697438479055,1773673919000-649034868264558592-1474013563159838720,
1474016042442293248,1773674147000-649034868264558592-1474016042442293248,1773674147000,1773717720000,2,605.2909999999999,189.738,3.1901411419958046,649034868264558592,1773674147000,1474016042442293248,MP09AP9990,43573000,1773717720000,605.578,12.050000000000182,190.35199999999895,3.1813587459023456,597.179999999993,190.35199999999895,1773674147000-649034868264558592-1474016042442293248,
1494312254978392064,1773677554000-649034868264558592-1494312254978392064,1773677554000,1773717563000,3,604.5799999999999,186.209,3.2467818419088226,649034868264558592,1773677554000,1494312254978392064,MP09AY9990,40009000,1773717563000,604.655,11.095277777777937,186.09573629233054,3.249160953640394,600.6200000000099,186.09573629233054,1773677554000-649034868264558592-1494312254978392064,
1334832234422599680,1773684869000-649034868264558592-1334832234422599680,1773684869000,1773727085000,1,571.057,200.103,2.853815285128159,649034868264558592,1773684869000,1334832234422599680,MP09DR0666,42216000,1773727085000,571.057,11.677499999999782,200.10287006834986,2.8538171381796875,562.4000000000233,200.10287006834986,1773684869000-649034868264558592-1334832234422599680,
1146410747421523968,1773682620000-649034868264558592-1146410747421523968,1773682620000,1773729175000,2,565.897,209.647,2.6992849885760353,649034868264558592,1773682620000,1146410747421523968,MP09ZM9990,46555000,1773729175000,565.922,12.874166666666497,209.66039219123942,2.6992318104785404,566.7999999999302,209.66039219123942,1773682620000-649034868264558592-1146410747421523968,
1474013221449891840,1773674060000-649034868264558592-1474013221449891840,1773674060000,1773716896000,3,565.238,203.261,2.780848268974373,649034868264558592,1773674060000,1474013221449891840,MP09AS9990,42836000,1773716896000,565.503,11.800000000000182,202.56041161303492,2.791774540231086,562.1900000000023,202.56041161303492,1773674060000-649034868264558592-1474013221449891840,
1334833501215653888,1773674696000-649034868264558592-1334833501215653888,1773674696000,1773708159000,1,559.391,155.696,3.5928411776795803,649034868264558592,1773674696000,1334833501215653888,MP09DS9990,33463000,1773708159000,559.391,9.25,155.69599999999627,3.5928411776796665,576.2449999999953,155.69599999999627,1773674696000-649034868264558592-1334833501215653888,
1220369221305761792,1773685396000-649034868264558592-1220369221305761792,1773685396000,1773732260000,2,559.238,201.0,2.7822786069651744,649034868264558592,1773685396000,1220369221305761792,MP09ZY9990,46864000,1773732260000,559.276,12.96333333333314,201.01788981552312,2.782220032820239,556.0,201.01788981552312,1773685396000-649034868264558592-1220369221305761792,
1146409880471470080,1773678437000-649034868264558592-1146409880471470080,1773678437000,1773720510000,2,558.755,192.69299999999998,2.8997161287644078,649034868264558592,1773678437000,1146409880471470080,MP09DC0666,42073000,1773720510000,558.78,11.647222222221899,192.7337257388317,2.899233114795839,554.7999999999884,192.7337257388317,1773678437000-649034868264558592-1146409880471470080,
1406271868830220288,1773677236000-649034868264558592-1406271868830220288,1773677236000,1773714454000,2,558.413,193.71800000000002,2.882607708111791,649034868264558592,1773677236000,1406271868830220288,MP09AT9990,37218000,1773714454000,558.443,10.298055555555493,193.6930558118605,2.8831338204629873,555.6000000000058,193.6930558118605,1773677236000-649034868264558592-1406271868830220288,
1268893877926887424,1773685246000-649034868264558592-1268893877926887424,1773685246000,1773729717000,1,536.89,185.84,2.888990529487731,649034868264558592,1773685246000,1268893877926887424,MP09DH0009,44471000,1773729717000,536.89,12.322222222221171,185.83989038223783,2.8889922335603937,531.0400000000373,185.83989038223783,1773685246000-649034868264558592-1268893877926887424,
1474013287929610240,1773681109000-649034868264558592-1474013287929610240,1773681109000,1773726516000,2,534.496,167.006,3.2004598637174713,649034868264558592,1773681109000,1474013287929610240,MP09AM9909,45407000,1773726516000,534.535,12.550000000000182,167.04132486709938,3.2000165254034245,527.7700000000041,167.04132486709938,1773681109000-649034868264558592-1474013287929610240,
1289228257593393152,1773675476000-649034868264558592-1289228257593393152,1773675476000,1773716971000,3,531.22,190.87199999999999,2.7831216731631674,649034868264558592,1773675476000,1289228257593393152,MP09DL9990,41495000,1773716971000,531.308,0.0,190.86095419546888,2.7837438109832813,545.484999999986,190.86095419546888,1773675476000-649034868264558592-1289228257593393152,
1474016264899788800,1773678850000-649034868264558592-1474016264899788800,1773678850000,1773714823000,3,530.289,176.048,3.0121841770426245,649034868264558592,1773678850000,1474016264899788800,MP09BK9990,35973000,1773714823000,530.354,9.964722222222235,176.16722693077983,3.0105145505207296,525.5049999999974,176.16722693077983,1773678850000-649034868264558592-1474016264899788800,
1289228109731594240,1773679395000-649034868264558592-1289228109731594240,1773679395000,1773721964000,1,529.565,177.382,2.9854494819091,649034868264558592,1773679395000,1289228109731594240,MP09DK9990,42569000,1773721964000,529.565,0.0,177.38199655567837,2.9854495398791787,547.0050000000047,177.38199655567837,1773679395000-649034868264558592-1289228109731594240,
1474016264899788800,1773602681000-649034868264558592-1474016264899788800,1773602681000,1773640509000,2,523.9540000000001,190.897,2.744694783050546,649034868264558592,1773602681000,1474016264899788800,MP09BK9990,37828000,1773640509000,523.99,10.45972222222224,190.9079413853878,2.7447260506686626,517.3100000000013,190.9079413853878,1773602681000-649034868264558592-1474016264899788800,
1334832578175172608,1773683632000-649034868264558592-1334832578175172608,1773683632000,1773722139000,2,522.89,195.31,2.6772310685576772,649034868264558592,1773683632000,1334832578175172608,MP09AH0009,38507000,1773722139000,522.937,10.629444444444744,195.11099001552233,2.6802026885230656,515.2599999999802,195.10892448497071,1773683632000-649034868264558592-1334832578175172608,
682178685842751488,1773675670000-649034868264558592-682178685842751488,1773675670000,1773709704000,1,522.574,159.401,3.278360863482663,649034868264558592,1773675670000,682178685842751488,MP30P2220,34034000,1773709704000,522.574,0.0,159.40100000001257,3.2783608634824044,510.001335429959,159.40100000001257,1773675670000-649034868264558592-682178685842751488,
1284476928488636416,1773677693000-649034868264558592-1284476928488636416,1773677693000,1773714393000,4,518.764,149.413,3.4720138140590175,649034868264558592,1773677693000,1284476928488636416,MP09DJ9990,36700000,1773714393000,627.613,10.149999999999636,177.1359999999986,3.543113765694184,668.0899999999674,177.1359999999986,1773677693000-649034868264558592-1284476928488636416,
1334833384924381184,1773675937000-649034868264558592-1334833384924381184,1773675937000,1773711994000,2,516.788,140.207,3.6858930010627144,649034868264558592,1773675937000,1334833384924381184,MP09DT9990,36057000,1773711994000,516.809,9.949999999999818,139.89600000000792,3.6942371475951474,541.1000000000349,139.89600000000792,1773675937000-649034868264558592-1334833384924381184,
682178375686553600,1773675070000-649034868264558592-682178375686553600,1773675070000,1773710187000,1,511.13,166.023,3.0786698228558693,649034868264558592,1773675070000,682178375686553600,MP30P1110,35117000,1773710187000,511.13,0.0,166.0229999999865,3.07866982285612,501.7936774599366,166.0229999999865,1773675070000-649034868264558592-682178375686553600,
1140330395766620160,1773678539000-649034868264558592-1140330395766620160,1773678539000,1773702935000,2,503.702,116.238,4.333367745487706,649034868264558592,1773678539000,1140330395766620160,MP09DD0666,24396000,1773702935000,503.713,6.744166666667297,116.31348968490367,4.330649878742112,497.28000000002794,116.31348968490367,1773678539000-649034868264558592-1140330395766620160,
1186996414987632640,1773606503000-649034868264558592-1186996414987632640,1773606503000,1773644580000,2,498.226,168.757,2.952327903435117,649034868264558592,1773606503000,1186996414987632640,MP09ZS0009,38077000,1773644580000,498.234,10.510277777778356,168.65324380591483,2.9541916227437923,500.4399999999441,168.65324380591483,1773606503000-649034868264558592-1186996414987632640,
930508235230674944,1773673828000-649034868264558592-930508235230674944,1773673828000,1773703548000,1,462.103,126.718,3.646703704288262,649034868264558592,1773673828000,930508235230674944,MP07P7770,29720000,1773703548000,462.103,0.0,126.71770147211397,3.6467122953748676,473.85999999998603,126.71770147211397,1773673828000-649034868264558592-930508235230674944,
1334833282986016768,1773683195000-649034868264558592-1334833282986016768,1773683195000,1773713437000,2,458.38699999999994,128.394,3.5701590416997675,649034868264558592,1773683195000,1334833282986016768,MP09DU9990,30242000,1773713437000,458.431,8.350000000000364,127.73011740235266,3.589059568119963,477.2749999999651,127.73011740235266,1773683195000-649034868264558592-1334833282986016768,
1268894298644938752,1773685099000-649034868264558592-1268894298644938752,1773685099000,1773713400000,1,437.696,112.928,3.875885519977331,649034868264558592,1773685099000,1268894298644938752,MP09DB9990,28301000,1773713400000,437.696,7.849999999999454,112.92799999999988,3.8758855199773348,469.820000000007,112.92799999999988,1773685099000-649034868264558592-1268894298644938752,
1334832578175172608,1773602654000-649034868264558592-1334832578175172608,1773602654000,1773635770000,2,431.0,144.596,2.980718692080002,649034868264558592,1773602654000,1334832578175172608,MP09AH0009,33116000,1773635770000,431.015,9.16166666666686,145.1710258760108,2.9690153210608696,,145.1710258760108,1773602654000-649034868264558592-1334832578175172608,
687681844035977216,1773670911000-649034868264558592-687681844035977216,1773670911000,1773716218000,1,418.573,175.067,2.3909303295309794,649034868264558592,1773670911000,687681844035977216,MP30P6660,45307000,1773716218000,418.573,0.0,175.06664360151737,2.390935196957029,413.762522369856,175.06664360151737,1773670911000-649034868264558592-687681844035977216,
1186996414987632640,1773682779000-649034868264558592-1186996414987632640,1773682779000,1773712267000,2,412.01099999999997,139.109,2.9617853625574186,649034868264558592,1773682779000,1186996414987632640,MP09ZS0009,29488000,1773712267000,409.385,8.1274999999996,139.13739983712242,2.942307391680712,413.88000000000466,139.13739983712242,1773682779000-649034868264558592-1186996414987632640,
1192134642870779904,1773685115000-649034868264558592-1192134642870779904,1773685115000,1773712622000,2,411.648,112.399,3.6623813379122594,649034868264558592,1773685115000,1192134642870779904,MP09ZU0099,27507000,1773712622000,411.686,7.600000000000364,112.41990590910413,3.6620382900236916,438.1700000000419,112.41990590910413,1773685115000-649034868264558592-1192134642870779904,
1476550907393998848,1773685370000-649034868264558592-1476550907393998848,1773685370000,1773704774000,2,395.966,106.888,3.7044944240700546,649034868264558592,1773685370000,1476550907393998848,MP09DP0666,19404000,1773704774000,396.018,5.3494444444445435,106.87453521084998,3.705447693584879,394.66999999999825,106.87453521084998,1773685370000-649034868264558592-1476550907393998848,
1289228257593393152,1773599796000-649034868264558592-1289228257593393152,1773599796000,1773628499000,2,393.263,124.682,3.154128101891211,649034868264558592,1773599796000,1289228257593393152,MP09DL9990,28703000,1773628499000,393.295,0.0,124.60679584266121,3.156288526161981,403.64000000001397,124.60679584266121,1773599796000-649034868264558592-1289228257593393152,
1474013287929610240,1773602465000-649034868264558592-1474013287929610240,1773602465000,1773628086000,2,387.007,122.06400000000001,3.1705252982042205,649034868264558592,1773602465000,1474013287929610240,MP09AM9909,25621000,1773628086000,387.03,7.050000000000182,122.08050800637062,3.1702849727640654,381.15000000000873,122.08050800637064,1773602465000-649034868264558592-1474013287929610240,
1146410298802962432,1773684338000-649034868264558592-1146410298802962432,1773684338000,1773712895000,1,355.734,128.633,2.7654956348681905,649034868264558592,1773684338000,1146410298802962432,MP09ZD9990,28557000,1773712895000,355.734,7.649999999999636,128.63314263302019,2.765492568387915,380.36000000010245,128.63314263302019,1773684338000-649034868264558592-1146410298802962432,
1494312254978392064,1773604761000-649034868264558592-1494312254978392064,1773604761000,1773624840000,2,350.677,101.38600000000001,3.4588306077762216,649034868264558592,1773604761000,1494312254978392064,MP09AY9990,20079000,1773624840000,350.71,5.546388888888941,100.9738630969028,3.47327505597592,347.4499999999971,100.9738630969028,1773604761000-649034868264558592-1494312254978392064,
1268893955106275328,1773601375000-649034868264558592-1268893955106275328,1773601375000,1773621307000,1,330.379,106.603,3.099152931906232,649034868264558592,1773601375000,1268893955106275328,MP09DE0999,19932000,1773621307000,330.379,5.482222222222845,106.60346076244886,3.099139536719208,324.28000000002794,106.60346076244886,1773601375000-649034868264558592-1268893955106275328,
933044705925529600,1773624695000-649034868264558592-933044705925529600,1773624695000,1773645594000,1,315.621,91.482,3.4500885420082636,649034868264558592,1773624695000,933044705925529600,MP07P5550,20899000,1773645594000,315.621,0.0,91.48185536163666,3.450093996807558,291.75,91.48185536163666,1773624695000-649034868264558592-933044705925529600,
1334833384924381184,1773603812000-649034868264558592-1334833384924381184,1773603812000,1773626095000,3,315.413,77.61699999999999,4.063710269657421,649034868264558592,1773603812000,1334833384924381184,MP09DT9990,22283000,1773626095000,315.459,6.149999999999636,77.66766168746054,4.061651827106969,328.6049999999814,77.66766168746052,1773603812000-649034868264558592-1334833384924381184,
1220369221305761792,1773658562000-649034868264558592-1220369221305761792,1773658562000,1773684413000,1,309.553,107.813,2.8712029161603887,649034868264558592,1773658562000,1220369221305761792,MP09ZY9990,25851000,1773684413000,309.553,7.132222222222481,107.81260673518213,2.871213389361307,307.20000000006985,107.81260673518214,1773658562000-649034868264558592-1220369221305761792,
1334833185816576000,1773628172000-649034868264558592-1334833185816576000,1773628172000,1773649738000,1,309.479,91.12,3.3963893766461806,649034868264558592,1773628172000,1334833185816576000,MP09DS0999,21566000,1773649738000,309.479,5.949999999998909,91.11999999999534,3.396389376646354,320.3100000000559,91.11999999999534,1773628172000-649034868264558592-1334833185816576000,
1268893877926887424,1773657672000-649034868264558592-1268893877926887424,1773657672000,1773684176000,2,309.121,110.911,2.787108582557185,649034868264558592,1773657672000,1268893877926887424,MP09DH0009,26504000,1773684176000,309.142,7.329166666666424,110.91587099138583,2.787175516333539,304.44000000006054,110.91587099138583,1773657672000-649034868264558592-1268893877926887424,
687681844035977216,1773602567000-649034868264558592-687681844035977216,1773602567000,1773625907000,1,296.793,92.899,3.1947921936726984,649034868264558592,1773602567000,687681844035977216,MP30P6660,23340000,1773625907000,296.793,0.0,92.89903245896095,3.1947910774109647,293.54447327996604,92.89903245896095,1773602567000-649034868264558592-687681844035977216,
1268894298644938752,1773602814000-649034868264558592-1268894298644938752,1773602814000,1773618536000,1,273.363,69.893,3.9111642081467384,649034868264558592,1773602814000,1268894298644938752,MP09DB9990,15722000,1773618536000,273.363,4.350000000000364,69.89335237710571,3.91114448946568,292.8500000000349,69.89335237710571,1773602814000-649034868264558592-1268894298644938752,
1334832669606805504,1773616475000-649034868264558592-1334832669606805504,1773616475000,1773638550000,1,265.564,100.49,2.6426908150064685,649034868264558592,1773616475000,1334832669606805504,MP09AH9990,22075000,1773638550000,265.564,6.082777777777665,100.48975986977449,2.6426971299776874,260.38000000000466,100.48975986977449,1773616475000-649034868264558592-1334832669606805504,
1268894231850647552,1773609602000-649034868264558592-1268894231850647552,1773609602000,1773628242000,2,262.641,72.01599999999999,3.6469812263941352,649034868264558592,1773609602000,1268894231850647552,MP09DA9990,18640000,1773628242000,262.685,5.099999999999909,71.97111665303758,3.6498669496315674,280.5649999999441,71.97111665303758,1773609602000-649034868264558592-1268894231850647552,
1268893955106275328,1773675375000-649034868264558592-1268893955106275328,1773675375000,1773692250000,1,258.0,99.049,2.6047713757837028,649034868264558592,1773675375000,1268893955106275328,MP09DE0999,16875000,1773692250000,258.0,4.631944444443434,99.04912246270979,2.604768155287114,253.52000000001863,99.04912246270979,1773675375000-649034868264558592-1268893955106275328,
930508235230674944,1773652144000-649034868264558592-930508235230674944,1773652144000,1773671806000,1,257.578,81.908,3.1447233481467007,649034868264558592,1773652144000,930508235230674944,MP07P7770,19662000,1773671806000,257.578,0.0,81.90782769466686,3.1447299635413386,263.80000000004657,81.90782769466686,1773652144000-649034868264558592-930508235230674944,
1334832669606805504,1773600778000-649034868264558592-1334832669606805504,1773600778000,1773616472000,1,256.536,92.567,2.7713548024674024,649034868264558592,1773600778000,1334832669606805504,MP09AH9990,15694000,1773616472000,256.536,4.322222222222081,92.5674593633135,2.771341049700137,251.60000000000582,92.5674593633135,1773600778000-649034868264558592-1334832669606805504,
1518565483060658176,1773644710000-649034868264558592-1518565483060658176,1773644710000,1773671075000,1,248.917,102.263,2.4340866197940603,649034868264558592,1773644710000,1518565483060658176,MP09BK9000,26365000,1773671075000,248.917,7.274999999999977,102.26339027466622,2.4340773304252985,245.7400000000016,102.26339027466622,1773644710000-649034868264558592-1518565483060658176,
1186996414987632640,1773651018000-649034868264558592-1186996414987632640,1773651018000,1773673424000,2,228.874,88.93900000000001,2.573381756035035,649034868264558592,1773651018000,1186996414987632640,MP09ZS0009,22406000,1773673424000,228.881,6.180833333332885,88.95582066667669,2.5729738457209246,229.44000000006054,88.95582066667669,1773651018000-649034868264558592-1186996414987632640,
1140330395766620160,1773620568000-649034868264558592-1140330395766620160,1773620568000,1773637493000,2,219.817,68.92,3.18945153801509,649034868264558592,1773620568000,1140330395766620160,MP09DD0666,16925000,1773637493000,219.839,4.646388888890215,68.93001218011784,3.1893074300574447,216.95999999996275,68.93001218011784,1773620568000-649034868264558592-1140330395766620160,
1334833501215653888,1773628244000-649034868264558592-1334833501215653888,1773628244000,1773641983000,1,210.802,68.029,3.0987079039821253,649034868264558592,1773628244000,1334833501215653888,MP09DS9990,13739000,1773641983000,210.802,3.7999999999992724,68.02873182835792,3.098720119197147,216.61999999999534,68.02873182835792,1773628244000-649034868264558592-1334833501215653888,
1334833501215653888,1773655743000-649034868264558592-1334833501215653888,1773655743000,1773672789000,1,206.195,60.9,3.3857963875205255,649034868264558592,1773655743000,1334833501215653888,MP09DS9990,17046000,1773672789000,206.195,4.700000000000728,60.899548241022835,3.3858215036988404,212.27500000002328,60.89954824102283,1773655743000-649034868264558592-1334833501215653888,
1084481853835968512,1773617053000-649034868264558592-1084481853835968512,1773617053000,1773630127000,2,194.052,59.32,3.271274443695212,649034868264558592,1773617053000,1084481853835968512,MP09PA3303,13074000,1773630127000,194.069,2.899999999999636,59.33749730135372,3.2705963147450188,200.74499999999534,59.33749730135373,1773617053000-649034868264558592-1084481853835968512,
1284476928488636416,1773658826000-649034868264558592-1284476928488636416,1773658826000,1773676112000,1,192.377,59.071,3.2567080293206483,649034868264558592,1773658826000,1284476928488636416,MP09DJ9990,17286000,1773676112000,192.377,4.772686111111111,59.07111836535724,3.2567015036035127,204.6700000000419,59.07286072026553,1773658826000-649034868264558592-1284476928488636416,
1284476928488636416,1773629174000-649034868264558592-1284476928488636416,1773629174000,1773642517000,2,191.97500000000002,58.047,3.3072337933054254,649034868264558592,1773629174000,1284476928488636416,MP09DJ9990,13343000,1773642517000,192.017,3.6999999999989086,58.086084486271325,3.3057315138083254,204.30000000004657,58.086084486271325,1773629174000-649034868264558592-1284476928488636416,
1334832669606805504,1773683044000-649034868264558592-1334832669606805504,1773683044000,1773696462000,2,187.243,68.56,2.7310822637106185,649034868264558592,1773683044000,1334832669606805504,MP09AH9990,13418000,1773696462000,187.268,3.6986111111109494,68.58499684118786,2.730451390609944,182.70000000001164,68.58499684118786,1773683044000-649034868264558592-1334832669606805504,
933044705925529600,1773658375000-649034868264558592-933044705925529600,1773658375000,1773673533000,1,183.787,51.988,3.5351811956605372,649034868264558592,1773658375000,933044705925529600,MP07P5550,15158000,1773673533000,183.787,0.0,51.987864651389955,3.5351903993826808,169.86999999999534,51.987864651389955,1773658375000-649034868264558592-933044705925529600,
1334833185816576000,1773654847000-649034868264558592-1334833185816576000,1773654847000,1773670459000,1,183.636,53.506,3.4320636937913505,649034868264558592,1773654847000,1334833185816576000,MP09DS0999,15612000,1773670459000,183.636,4.299999999999272,53.50619770451366,3.432051012372888,189.5549999999348,53.50619770451366,1773654847000-649034868264558592-1334833185816576000,
1268894231850647552,1773682386000-649034868264558592-1268894231850647552,1773682386000,1773693895000,1,180.733,52.848,3.419864517105662,649034868264558592,1773682386000,1268894231850647552,MP09DA9990,11509000,1773693895000,180.733,3.150000000000091,52.84799999999814,3.419864517105782,194.77999999996973,52.84799999999814,1773682386000-649034868264558592-1268894231850647552,
1284477133422329856,1773626946000-649034868264558592-1284477133422329856,1773626946000,1773640741000,2,179.03900000000002,62.408,2.868846942699654,649034868264558592,1773626946000,1284477133422329856,MP09DH9990,13795000,1773640741000,179.049,3.7999999999992724,62.46480765444952,2.8663980043048434,192.1700000000419,62.464807654449515,1773626946000-649034868264558592-1284477133422329856,
1494312585351135232,1773649420000-649034868264558592-1494312585351135232,1773649420000,1773669437000,1,174.438,63.607,2.7424340088355055,649034868264558592,1773649420000,1494312585351135232,MP09AZ0009,20017000,1773669437000,174.438,5.522499999999809,63.606781782578395,2.742443417374368,172.7100000000064,63.60678178257839,1773649420000-649034868264558592-1494312585351135232,
1268894095296692224,1773678800000-649034868264558592-1268894095296692224,1773678800000,1773690622000,1,171.609,60.157,2.852685473012285,649034868264558592,1773678800000,1268894095296692224,MP09DF0999,11822000,1773690622000,171.609,3.236111111111313,60.15717916251168,2.8526769770305664,169.47999999998137,60.15717916251168,1773678800000-649034868264558592-1268894095296692224,
1268893955106275328,1773629314000-649034868264558592-1268893955106275328,1773629314000,1773647977000,1,170.604,77.268,2.207951545271005,649034868264558592,1773629314000,1268893955106275328,MP09DE0999,18663000,1773647977000,170.604,5.1366666666654055,77.26800098488023,2.2079515171278175,167.15999999991618,77.26800098488023,1773629314000-649034868264558592-1268893955106275328,
1146410747421523968,1773662513000-649034868264558592-1146410747421523968,1773662513000,1773681107000,1,168.776,62.396,2.7049169818578114,649034868264558592,1773662513000,1146410747421523968,MP09ZM9990,18594000,1773681107000,168.776,5.121944444445035,62.395605189992295,2.704934097298734,168.72000000008848,62.39560518999229,1773662513000-649034868264558592-1146410747421523968,
1289228257593393152,1773629666000-649034868264558592-1289228257593393152,1773629666000,1773647395000,1,168.263,65.564,2.5663931425782445,649034868264558592,1773629666000,1289228257593393152,MP09DL9990,17729000,1773647395000,168.263,0.0,65.56375750155559,2.5664026348094486,172.59999999997672,65.56375750155559,1773629666000-649034868264558592-1289228257593393152,
1268893773056704512,1773623947000-649034868264558592-1268893773056704512,1773623947000,1773641618000,1,157.431,52.01,3.026937127475486,649034868264558592,1773623947000,1268893773056704512,MP09DG0009,17671000,1773641618000,157.431,4.868611111111022,52.00953847595588,3.0269639880150194,157.2399999999907,52.00953847595588,1773623947000-649034868264558592-1268893773056704512,
1476550907393998848,1773673971000-649034868264558592-1476550907393998848,1773673971000,1773683744000,2,153.128,40.341,3.795840460077836,649034868264558592,1773673971000,1476550907393998848,MP09DP0666,9773000,1773683744000,153.179,2.659444444444489,40.401310967396356,3.7914363750130446,152.68000000000757,40.401310967396356,1773673971000-649034868264558592-1476550907393998848,
1140330319757443072,1773623292000-649034868264558592-1140330319757443072,1773623292000,1773640983000,1,151.432,64.46,2.349239838659634,649034868264558592,1773623292000,1140330319757443072,MP09ZL9990,17691000,1773640983000,151.432,4.880833333332703,64.46010454732983,2.349236028446262,150.71999999997206,64.46010454732983,1773623292000-649034868264558592-1140330319757443072,
1268894095296692224,1773624817000-649034868264558592-1268894095296692224,1773624817000,1773644915000,1,150.858,62.139,2.4277506879737363,649034868264558592,1773624817000,1268894095296692224,MP09DF0999,20098000,1773644915000,150.858,5.5352777777789015,62.139018449440044,2.4277499671602785,148.31999999994878,62.139018449440044,1773624817000-649034868264558592-1268894095296692224,
1494312254978392064,1773624842000-649034868264558592-1494312254978392064,1773624842000,1773635628000,1,144.004,52.754,2.729726655798612,649034868264558592,1773624842000,1494312254978392064,MP09AY9990,10786000,1773635628000,144.004,2.9691666666667516,52.75438081258808,2.7297069510033602,142.42999999999302,52.75438081258808,1773624842000-649034868264558592-1494312254978392064,
1268894231850647552,1773664075000-649034868264558592-1268894231850647552,1773664075000,1773675065000,1,141.198,49.305,2.8637663522969277,649034868264558592,1773664075000,1268894231850647552,MP09DA9990,10990000,1773675065000,141.198,3.0,49.305066588667664,2.863762484654125,149.55499999999302,49.305066588667664,1773664075000-649034868264558592-1268894231850647552,
1474016042442293248,1773642756000-649034868264558592-1474016042442293248,1773642756000,1773658606000,1,139.964,53.466,2.6178131896906445,649034868264558592,1773642756000,1474016042442293248,MP09AP9990,15850000,1773658606000,139.964,4.349999999999909,53.46600000000034,2.6178131896906276,137.7850000000035,53.46600000000035,1773642756000-649034868264558592-1474016042442293248,
1474013287929610240,1773628926000-649034868264558592-1474013287929610240,1773628926000,1773645127000,1,136.769,46.192,2.9608806719778316,649034868264558592,1773628926000,1474013287929610240,MP09AM9909,16201000,1773645127000,136.769,4.450000000000273,46.1919999999991,2.9608806719778897,134.50999999999476,46.1919999999991,1773628926000-649034868264558592-1474013287929610240,
1494312366358134784,1773661450000-649034868264558592-1494312366358134784,1773661450000,1773676185000,1,130.808,49.59,2.6377898769913286,649034868264558592,1773661450000,1494312366358134784,MP09AX9990,14735000,1773676185000,130.808,4.056944444444525,49.59012504247588,2.6377832257522607,129.7100000000064,49.59012504247588,1773661450000-649034868264558592-1494312366358134784,
1334832669606805504,1773667300000-649034868264558592-1334832669606805504,1773667300000,1773680815000,1,125.304,46.283,2.707343949182205,649034868264558592,1773667300000,1334832669606805504,MP09AH9990,13515000,1773680815000,125.304,3.698611111111859,46.28281481444284,2.707354781734194,122.5,46.28281481444284,1773667300000-649034868264558592-1334832669606805504,
1284477133422329856,1773658521000-649034868264558592-1284477133422329856,1773658521000,1773670596000,2,124.736,40.138,3.1076785091434553,649034868264558592,1773658521000,1284477133422329856,MP09DH9990,12075000,1773670596000,124.747,3.3000000000010914,40.4320000000007,3.0853531855955145,133.81500000006054,40.4320000000007,1773658521000-649034868264558592-1284477133422329856,
1084481853835968512,1773684445000-649034868264558592-1084481853835968512,1773684445000,1773694674000,1,124.005,40.913,3.030943709823284,649034868264558592,1773684445000,1084481853835968512,MP09PA3303,10229000,1773694674000,124.005,2.25,40.91312596294496,3.0309343781824785,128.6149999999907,40.91312596294496,1773684445000-649034868264558592-1084481853835968512,
1474013221449891840,1773657395000-649034868264558592-1474013221449891840,1773657395000,1773672588000,1,119.67,40.656,2.9434769775678866,649034868264558592,1773657395000,1474013221449891840,MP09AS9990,15193000,1773672588000,119.67,4.150000000000091,40.65564094302587,2.94350297336853,118.67999999999302,40.65564094302587,1773657395000-649034868264558592-1474013221449891840,
1494312254978392064,1773656534000-649034868264558592-1494312254978392064,1773656534000,1773669785000,1,117.946,50.293,2.34517726124908,649034868264558592,1773656534000,1494312254978392064,MP09AY9990,13251000,1773669785000,117.946,3.6222222222222626,50.29287628075836,2.345183030327601,116.1200000000099,50.29287628075835,1773656534000-649034868264558592-1494312254978392064,
1084481853835968512,1773600697000-649034868264558592-1084481853835968512,1773600697000,1773608002000,2,117.223,43.569,2.6905138974959257,649034868264558592,1773600697000,1084481853835968512,MP09PA3303,7305000,1773608002000,117.268,1.75,43.58086922821431,2.6908137005234525,120.80500000005122,43.58086922821431,1773600697000-649034868264558592-1084481853835968512,
1494312254978392064,1773669856652-649034868264558592-1494312254978392064,1773669856000,1773676151000,1,115.38,33.485,3.4457219650589814,649034868264558592,1773669856652,1494312254978392064,MP09AY9990,6294348,1773676151000,115.38000000000466,1.7030555555554656,33.484698823786,3.4457529574088324,115.38000000000466,33.484698823786,1773669856652-649034868264558592-1494312254978392064,
1066488795177680896,1773674900000-649034868264558592-1066488795177680896,1773674900000,1773686635000,1,114.637,49.258,2.327276787526899,649034868264558592,1773674900000,1066488795177680896,MP09PA6660,11735000,1773686635000,114.637,3.1952777777778465,49.25812796636463,2.3272707415571823,113.11999999999534,49.25812796636463,1773674900000-649034868264558592-1066488795177680896,
1192134642870779904,1773672292000-649034868264558592-1192134642870779904,1773672292000,1773683549000,1,112.648,39.858,2.8262331276029906,649034868264558592,1773672292000,1192134642870779904,MP09ZU0099,11257000,1773683549000,112.648,3.100000000000364,39.85843543782059,2.8262022521112646,119.76000000000931,39.85843543782059,1773672292000-649034868264558592-1192134642870779904,
687682362724581376,1773675570000-649034868264558592-687682362724581376,1773675570000,1773686738000,1,112.358,45.881,2.4489004162943266,649034868264558592,1773675570000,687682362724581376,MP30P5550,11168000,1773686738000,112.358,0.0,45.880999999993946,2.44890041629465,109.91824301006272,45.880999999993946,1773675570000-649034868264558592-687682362724581376,
1084481853835968512,1773610188000-649034868264558592-1084481853835968512,1773610188000,1773617030000,1,105.072,30.834,3.407666861257054,649034868264558592,1773610188000,1084481853835968512,MP09PA3303,6842000,1773617030000,105.072,1.5,30.833817839935517,3.4076869930752545,107.64500000001863,30.833817839935517,1773610188000-649034868264558592-1084481853835968512,81.40127909742976
1268893955106275328,1773621322000-649034868264558592-1268893955106275328,1773621322000,1773628586000,1,104.864,38.811,2.7019144057097217,649034868264558592,1773621322000,1268893955106275328,MP09DE0999,7264000,1773628586000,104.864,1.9894444444453256,38.81054418618576,2.7019461385786325,103.11999999999534,38.81054418618576,1773621322000-649034868264558592-1268893955106275328,102.45983665153041
1268894298644938752,1773619293000-649034868264558592-1268894298644938752,1773619293000,1773629488000,1,104.081,31.058,3.351181660119776,649034868264558592,1773619293000,1268894298644938752,MP09DB9990,10195000,1773629488000,104.081,2.75,31.058096897578107,3.3511712048305244,111.46500000002561,31.058096897578107,1773619293000-649034868264558592-1268894298644938752,
1140330395766620160,1773663027000-649034868264558592-1140330395766620160,1773663027000,1773676666000,2,103.863,43.399,2.3932118251572616,649034868264558592,1773663027000,1140330395766620160,MP09DD0666,13639000,1773676666000,103.941,3.742499999998472,43.402861714894115,2.394796008677272,102.44000000000233,43.402861714894115,1773663027000-649034868264558592-1140330395766620160,
1192134793974775808,1773660262000-649034868264558592-1192134793974775808,1773660262000,1773685532000,2,97.46100000000001,46.451,2.0981464338765585,649034868264558592,1773660262000,1192134793974775808,MP09ZT9990,25270000,1773685532000,92.408,6.950000000000728,46.36471551965472,1.9930673350260677,98.23499999998603,46.36471551965472,1773660262000-649034868264558592-1192134793974775808,
1083415788527812608,1773664994000-649034868264558592-1083415788527812608,1773664994000,1773677637000,1,96.314,30.184,3.190895838855022,649034868264558592,1773664994000,1083415788527812608,MP09PA3033,12643000,1773677637000,96.314,3.199999999999818,30.184152102591813,3.190879759439386,96.89000000001397,30.184152102591813,1773664994000-649034868264558592-1083415788527812608,
1151974728106246144,1773631464000-649034868264558592-1151974728106246144,1773631464000,1773645035000,1,94.536,38.57,2.4510241120041485,649034868264558592,1773631464000,1151974728106246144,MP09ZG9990,13571000,1773645035000,94.536,3.150000000001455,38.57020270506338,2.4510112306874032,101.06999999994878,38.57020270506338,1773631464000-649034868264558592-1151974728106246144,
1268894231850647552,1773604637000-649034868264558592-1268894231850647552,1773604637000,1773609598000,1,93.465,25.923,3.6054854762180306,649034868264558592,1773604637000,1268894231850647552,MP09DA9990,4961000,1773609598000,93.465,1.3500000000001364,25.922862133471412,3.605504651406477,99.10999999998603,25.922862133471412,1773604637000-649034868264558592-1268894231850647552,
1289228109731594240,1773661868000-649034868264558592-1289228109731594240,1773661868000,1773677647000,1,92.463,34.631,2.6699488897230803,649034868264558592,1773661868000,1289228109731594240,MP09DK9990,15779000,1773677647000,92.463,0.0,34.63138864581643,2.669918926602725,95.41500000003725,34.63138864581643,1773661868000-649034868264558592-1289228109731594240,
1334832578175172608,1773658291000-649034868264558592-1334832578175172608,1773658291000,1773681575000,1,91.482,53.772,1.701294353938853,649034868264558592,1773658291000,1334832578175172608,MP09AH0009,23284000,1773681575000,91.482,6.418888888888432,53.771721501226054,1.701303165417795,89.36000000001513,53.771721501226054,1773658291000-649034868264558592-1334832578175172608,
1268893773056704512,1773667006000-649034868264558592-1268893773056704512,1773667006000,1773685857000,1,90.903,43.567,2.086510432207864,649034868264558592,1773667006000,1268893773056704512,MP09DG0009,18851000,1773685857000,90.903,5.195833333333212,43.56726893379737,2.086497552511993,89.64000000001397,43.56726893379737,1773667006000-649034868264558592-1268893773056704512,
1268894231850647552,1773677211000-649034868264558592-1268894231850647552,1773677211000,1773682278000,1,88.319,24.368,3.624384438608011,649034868264558592,1773677211000,1268894231850647552,MP09DA9990,5067000,1773682278000,88.319,1.349999999999909,24.36770090767792,3.624428924772789,92.98499999998603,24.36770090767792,1773677211000-649034868264558592-1268894231850647552,
1334833384924381184,1773665114000-649034868264558592-1334833384924381184,1773665114000,1773674597000,2,86.746,18.558,4.674318353270826,649034868264558592,1773665114000,1334833384924381184,MP09DT9990,9483000,1773674597000,86.944,2.5999999999994543,18.556020630232844,4.685487353810353,90.64499999996042,18.556020630232844,1773665114000-649034868264558592-1334833384924381184,
1146410298802962432,1773674323000-649034868264558592-1146410298802962432,1773674323000,1773682611000,1,86.454,27.12,3.1878318584070793,649034868264558592,1773674323000,1146410298802962432,MP09ZD9990,8288000,1773682611000,86.454,2.100000000000364,27.119999999995343,3.187831858407627,91.9649999999674,27.119999999995343,1773674323000-649034868264558592-1146410298802962432,
1474013287929610240,1773670520000-649034868264558592-1474013287929610240,1773670520000,1773679625000,2,86.211,24.092000000000002,3.5784077702141786,649034868264558592,1773670520000,1474013287929610240,MP09AM9909,9105000,1773679625000,86.261,2.449999999999818,24.09295468302109,3.5803412713339924,84.84999999999127,24.09295468302109,1773670520000-649034868264558592-1474013287929610240,
1406271868830220288,1773666189000-649034868264558592-1406271868830220288,1773666189000,1773675719000,2,86.143,29.942,2.87699552468105,649034868264558592,1773666189000,1406271868830220288,MP09AT9990,9530000,1773675719000,86.22,2.5983333333333576,29.900133949685856,2.883599121832893,85.63999999999942,29.900133949685856,1773666189000-649034868264558592-1406271868830220288,
1494312472553717760,1773674413000-649034868264558592-1494312472553717760,1773674413000,1773689549000,1,85.665,37.418,2.2894061681543643,649034868264558592,1773674413000,1494312472553717760,Mp09AZ9990,15136000,1773689549000,85.665,4.156944444444434,37.41785906682735,2.2894147911296714,84.32500000001164,37.41785906682735,1773674413000-649034868264558592-1494312472553717760,
1146410298802962432,1773627991000-649034868264558592-1146410298802962432,1773627991000,1773638499000,1,85.496,35.575,2.403260716795502,649034868264558592,1773627991000,1146410298802962432,MP09ZD9990,10508000,1773638499000,85.496,2.150000000001455,35.57463670089309,2.40328525963144,91.52499999990687,35.57463670089309,1773627991000-649034868264558592-1146410298802962432,
1192134868188790784,1773667583000-649034868264558592-1192134868188790784,1773667583000,1773685791000,1,85.334,33.703,2.5319407767854494,649034868264558592,1773667583000,1192134868188790784,MP09ZU9990,18208000,1773685791000,85.334,5.0,33.70266367208038,2.5319660437015115,90.23999999999069,33.70266367208038,1773667583000-649034868264558592-1192134868188790784,
1289228257593393152,1773664867000-649034868264558592-1289228257593393152,1773664867000,1773673656000,1,84.584,28.496,2.9682762492981474,649034868264558592,1773664867000,1289228257593393152,MP09DL9990,8789000,1773673656000,84.584,0.0,28.495586425187653,2.9683193298045274,86.35499999998137,28.495586425187653,1773664867000-649034868264558592-1289228257593393152,
1146409880471470080,1773668767000-649034868264558592-1146409880471470080,1773668767000,1773677155000,1,84.234,24.864,3.387789575289575,649034868264558592,1773668767000,1146409880471470080,MP09DC0666,8388000,1773677155000,84.234,2.2924999999995634,24.864122600702427,3.387772870683172,,24.864122600702427,1773668767000-649034868264558592-1146409880471470080,
1268893955106275328,1773664532000-649034868264558592-1268893955106275328,1773664532000,1773673814000,1,84.181,29.757,2.8289478105991863,649034868264558592,1773664532000,1268893955106275328,MP09DE0999,9282000,1773673814000,84.181,2.523611111111677,29.75657453935713,2.8289882590033724,82.40000000002328,29.75657453935713,1773664532000-649034868264558592-1268893955106275328,
1084481853835968512,1773674825000-649034868264558592-1084481853835968512,1773674825000,1773682717000,1,84.012,25.748,3.262855367407177,649034868264558592,1773674825000,1084481853835968512,MP09PA3303,7892000,1773682717000,84.012,1.300000000000182,25.74814523219901,3.2628369632986174,85.44500000006519,25.74814523219901,1773674825000-649034868264558592-1084481853835968512,
1474016264899788800,1773669786000-649034868264558592-1474016264899788800,1773669786000,1773677637000,1,83.966,26.35,3.186565464895635,649034868264558592,1773669786000,1474016264899788800,MP09BK9990,7851000,1773677637000,83.966,2.139444444444507,26.35048235379974,3.1865071338207245,82.78499999999985,26.35048235379974,1773669786000-649034868264558592-1474016264899788800,
1084481853835968512,1773631706000-649034868264558592-1084481853835968512,1773631706000,1773640515000,1,83.706,34.664,2.4147819063004845,649034868264558592,1773631706000,1084481853835968512,MP09PA3303,8809000,1773640515000,83.706,2.3499999999994543,34.663949776062935,2.4147854050320277,86.98499999998603,34.663949776062935,1773631706000-649034868264558592-1084481853835968512,
1334833384924381184,1773627206000-649034868264558592-1334833384924381184,1773627206000,1773636100000,1,83.654,25.881,3.232255322437309,649034868264558592,1773627206000,1334833384924381184,MP09DT9990,8894000,1773636100000,83.654,2.4145833333329696,25.88097653147873,3.232258253402943,87.32500000001164,25.88118591269818,1773627206000-649034868264558592-1334833384924381184,
1268894298644938752,1773674143000-649034868264558592-1268894298644938752,1773674143000,1773683708000,1,82.148,24.656,3.331765087605451,649034868264558592,1773674143000,1268894298644938752,MP09DB9990,9565000,1773683708000,82.148,2.600000000000364,24.65626244922821,3.3317296232207894,87.96999999997206,24.65626244922821,1773674143000-649034868264558592-1268894298644938752,
1083415788527812608,1773679297000-649034868264558592-1083415788527812608,1773679297000,1773692351000,1,80.768,37.127,2.1754518275109755,649034868264558592,1773679297000,1083415788527812608,MP09PA3033,13054000,1773692351000,80.768,3.450000000000273,37.126847174693054,2.175460782327196,81.26500000001397,37.126847174693054,1773679297000-649034868264558592-1083415788527812608,
1186996414987632640,1773673427000-649034868264558592-1186996414987632640,1773673427000,1773680786000,2,80.491,23.795,3.3826854381172513,649034868264558592,1773673427000,1186996414987632640,MP09ZS0009,7359000,1773680786000,80.529,1.980833333333976,23.803993580422013,3.383003769007584,80.67999999993481,23.803993580422013,1773673427000-649034868264558592-1186996414987632640,
1186996301657538560,1773664311000-649034868264558592-1186996301657538560,1773664311000,1773679586000,1,74.304,41.315,1.7984751300980275,649034868264558592,1773664311000,1186996301657538560,MP09ZT0009,15275000,1773679586000,74.304,4.200277777777956,41.31507616359964,1.79847181464148,71.64000000001397,41.31507616359964,1773664311000-649034868264558592-1186996301657538560,
1140330319757443072,1773656233000-649034868264558592-1140330319757443072,1773656233000,1773669904000,1,74.231,40.924,1.8138744990714495,649034868264558592,1773656233000,1140330319757443072,MP09ZL9990,13671000,1773669904000,74.231,3.7572222222215714,40.924275372985036,1.8138622937964448,72.47999999998137,40.924275372985036,1773656233000-649034868264558592-1140330319757443072,
1220369364222476288,1773672924000-649034868264558592-1220369364222476288,1773672924000,1773685572000,1,74.11,37.654,1.968183991076645,649034868264558592,1773672924000,1220369364222476288,MP09ZX9990,12648000,1773685572000,74.11,3.484722222221535,37.6542032714015,1.968173366087042,74.40000000002328,37.6542032714015,1773672924000-649034868264558592-1220369364222476288,
1334832234422599680,1773668557000-649034868264558592-1334832234422599680,1773668557000,1773683627000,2,73.95700000000001,37.397000000000006,1.9776185255501777,649034868264558592,1773668557000,1334832234422599680,MP09DR0666,15070000,1773683627000,74.005,4.157500000001164,37.39798051421364,1.9788501673739662,72.7599999999511,37.39798051421364,1773668557000-649034868264558592-1334832234422599680,
1334833282986016768,1773618221000-649034868264558592-1334833282986016768,1773618221000,1773625873000,1,69.093,19.718,3.504057206613247,649034868264558592,1773618221000,1334833282986016768,MP09DU9990,7652000,1773625873000,69.093,2.100000000000364,19.717859130472327,3.504082240511723,71.63500000000931,19.717859130472327,1773618221000-649034868264558592-1334833282986016768,
1268894095296692224,1773619448000-649034868264558592-1268894095296692224,1773619448000,1773624775000,1,68.869,25.928,2.6561632212280157,649034868264558592,1773619448000,1268894095296692224,MP09DF0999,5327000,1773624775000,68.869,1.453611111110149,25.928223664311076,2.6561403084004858,68.04000000003725,25.928223664311076,1773619448000-649034868264558592-1268894095296692224,
1334833282986016768,1773665595000-649034868264558592-1334833282986016768,1773665595000,1773681506000,1,60.806,24.012,2.5323171747459603,649034868264558592,1773665595000,1334833282986016768,MP09DU9990,15911000,1773681506000,60.806,4.399999999999636,24.011966180961885,2.532320741323158,63.40999999997439,24.011966180961885,1773665595000-649034868264558592-1334833282986016768,
1474016042442293248,1773663880000-649034868264558592-1474016042442293248,1773663880000,1773672644000,1,48.582,23.132,2.1002075047553173,649034868264558592,1773663880000,1474016042442293248,MP09AP9990,8764000,1773672644000,48.582,2.400000000000091,23.13199999999779,2.100207504755518,47.86500000000524,23.131999999997788,1773663880000-649034868264558592-1474016042442293248,
1268894095296692224,1773671395000-649034868264558592-1268894095296692224,1773671395000,1773677302000,1,40.076,18.208,2.2010105448154658,649034868264558592,1773671395000,1268894095296692224,MP09DF0999,5907000,1773677302000,40.076,1.6000000000003638,18.20795899461645,2.2010155016193345,39.440000000060536,18.20795899461645,1773671395000-649034868264558592-1268894095296692224,
1268894095296692224,1773658750000-649034868264558592-1268894095296692224,1773658750000,1773671344000,1,33.917,20.475,1.6565079365079365,649034868264558592,1773658750000,1268894095296692224,MP09DF0999,12594000,1773671344000,33.917,3.444444444445253,20.474529615534447,1.6565459933334183,33.199999999953434,20.474529615534447,1773658750000-649034868264558592-1268894095296692224,
1474016264899788800,1773661595000-649034868264558592-1474016264899788800,1773661595000,1773664546000,1,23.444,8.612,2.722248026010218,649034868264558592,1773661595000,1474016264899788800,MP09BK9990,2951000,1773664546000,23.444,0.7913888888888323,8.612090885120498,2.7222192975814115,23.06999999999971,8.612090885120498,1773661595000-649034868264558592-1474016264899788800,
1494312366358134784,1773641449000-649034868264558592-1494312366358134784,1773641449000,1773646393000,1,18.792,10.378,1.8107535170553095,649034868264558592,1773641449000,1494312366358134784,MP09AX9990,4944000,1773646393000,18.792,1.336388888888905,10.377710164450475,1.8108040889765091,,10.377710164450475,1773641449000-649034868264558592-1494312366358134784,
1474016264899788800,1773665564000-649034868264558592-1474016264899788800,1773665564000,1773669518000,1,17.861,8.045,2.220136730888751,649034868264558592,1773665564000,1474016264899788800,MP09BK9990,3954000,1773669518000,17.861,1.0680555555555884,8.04506854129082,2.2201178160670123,17.25499999999738,8.04506854129082,1773665564000-649034868264558592-1474016264899788800,
1284477133422329856,1773647179000-649034868264558592-1284477133422329856,1773647179000,1773650224000,1,14.903,4.563,3.2660530352838046,649034868264558592,1773647179000,1284477133422329856,MP09DH9990,3045000,1773650224000,14.903,0.7999999999992724,4.562869321206344,3.266146573765979,15.945000000065193,4.562869321206344,1773647179000-649034868264558592-1284477133422329856,
1146409880471470080,1773641504000-649034868264558592-1146409880471470080,1773641504000,1773644612000,1,13.707,6.173,2.220476267617042,649034868264558592,1773641504000,1146409880471470080,MP09DC0666,3108000,1773644612000,13.707,0.8255555555570027,6.172595241447003,2.2206218719740245,13.440000000002328,6.172595241447004,1773641504000-649034868264558592-1146409880471470080,
1084481853835968512,1773609408000-649034868264558592-1084481853835968512,1773609408000,1773610165000,1,13.245,3.768,3.515127388535032,649034868264558592,1773609408000,1084481853835968512,MP09PA3303,757000,1773610165000,13.245,0.0,3.768286903532305,3.514859759638907,11.885000000009313,3.768286903532305,1773609408000-649034868264558592-1084481853835968512,
1284477133422329856,1773641499000-649034868264558592-1284477133422329856,1773641499000,1773643908000,1,12.472,5.05,2.4697029702970297,649034868264558592,1773641499000,1284477133422329856,MP09DH9990,2409000,1773643908000,12.472,0.6499999999996362,5.0495932534036,2.4699019057809144,13.315000000060536,5.0495932534036,1773641499000-649034868264558592-1284477133422329856,
1268894231850647552,1773652392000-649034868264558592-1268894231850647552,1773652392000,1773655650000,1,11.349,5.215,2.176222435282838,649034868264558592,1773652392000,1268894231850647552,MP09DA9990,3258000,1773655650000,11.349,0.8999999999998636,5.214781270235173,2.176313715165313,11.960000000020955,5.214781270235173,1773652392000-649034868264558592-1268894231850647552,
1268893877926887424,1773650624000-649034868264558592-1268893877926887424,1773650624000,1773653324000,1,10.943,6.415,1.7058456742010912,649034868264558592,1773650624000,1268893877926887424,MP09DH0009,2700000,1773653324000,10.943,0.7127777777768642,6.415400795575738,1.7057391032445919,,6.415400795575738,1773650624000-649034868264558592-1268893877926887424,
1494312472553717760,1773668972000-649034868264558592-1494312472553717760,1773668972000,1773671852000,1,9.586,5.885,1.6288870008496177,649034868264558592,1773668972000,1494312472553717760,Mp09AZ9990,2880000,1773671852000,9.586,0.7713888888888505,5.885026997182715,1.6288795284353017,9.210000000006403,5.885026997182715,1773668972000-649034868264558592-1494312472553717760,
1494312472553717760,1773641586000-649034868264558592-1494312472553717760,1773641586000,1773643537000,1,8.003,3.784,2.1149577167019027,649034868264558592,1773641586000,1494312472553717760,Mp09AZ9990,1951000,1773643537000,8.003,0.504722222222199,3.7837021235712225,2.1151242192518107,,3.7837021235712225,1773641586000-649034868264558592-1494312472553717760,
1289228257593393152,1773653507000-649034868264558592-1289228257593393152,1773653507000,1773655548000,1,7.036,3.675,1.9145578231292517,649034868264558592,1773653507000,1289228257593393152,MP09DL9990,2041000,1773655548000,7.036,0.0,3.675027707848243,1.9145433883326097,7.225000000034925,3.675027707848243,1773653507000-649034868264558592-1289228257593393152,
1474013563159838720,1773669572000-649034868264558592-1474013563159838720,1773669572000,1773671647000,1,6.08,3.622,1.6786305908337935,649034868264558592,1773669572000,1474013563159838720,MP09AM9990,2075000,1773671647000,6.08,0.5,3.62193600799781,1.6786602487107434,5.970000000001164,3.62193600799781,1773669572000-649034868264558592-1474013563159838720,
1192134868188790784,1773664936000-649034868264558592-1192134868188790784,1773664936000,1773666283000,1,6.069,2.793,2.1729323308270674,649034868264558592,1773664936000,1192134868188790784,MP09ZU9990,1347000,1773666283000,6.069,0.3000000000001819,2.7931444439167743,2.172819960391864,6.399999999906868,2.7931444439167743,1773664936000-649034868264558592-1192134868188790784,
1289228257593393152,1773649037000-649034868264558592-1289228257593393152,1773649037000,1773650388000,1,6.029,2.799,2.153983565559128,649034868264558592,1773649037000,1289228257593393152,MP09DL9990,1351000,1773650388000,6.029,0.0,2.798660195033496,2.154245095813728,5.974999999976717,2.798660195033496,1773649037000-649034868264558592-1289228257593393152,
1518565483060658176,1773641638000-649034868264558592-1518565483060658176,1773641638000,1773643580000,1,5.716,3.713,1.5394559655265285,649034868264558592,1773641638000,1518565483060658176,MP09BK9000,1942000,1773643580000,5.716,0.48833333333334394,3.7130839650474563,1.5394211533611104,,3.7130839650474563,1773641638000-649034868264558592-1518565483060658176,
1084481853835968512,1773608025000-649034868264558592-1084481853835968512,1773608025000,1773609385000,1,5.416,2.25,2.4071111111111114,649034868264558592,1773608025000,1084481853835968512,MP09PA3303,1360000,1773609385000,5.416,0.3746038888888889,2.250181846644169,2.406916582354091,4.635000000009313,2.250181846644169,1773608025000-649034868264558592-1084481853835968512,
687682362724581376,1773670624000-649034868264558592-687682362724581376,1773670624000,1773672207000,1,2.765,2.818,0.9811923349893542,649034868264558592,1773670624000,687682362724581376,MP30P5550,1583000,1773672207000,2.765,0.0,2.8178224419806455,0.9812541623653489,2.574951520189643,2.8178224419806455,1773670624000-649034868264558592-687682362724581376,
1268894298644938752,1773672344000-649034868264558592-1268894298644938752,1773672344000,1773673257000,1,2.742,1.5,1.828,649034868264558592,1773672344000,1268894298644938752,MP09DB9990,913000,1773673257000,2.742,0.1999999999998181,1.4998619841008771,1.8281682108529125,2.445000000006985,1.4998619841008771,1773672344000-649034868264558592-1268894298644938752,
1192134642870779904,1773667894000-649034868264558592-1192134642870779904,1773667894000,1773669061000,1,2.266,1.251,1.8113509192645885,649034868264558592,1773667894000,1192134642870779904,MP09ZU0099,1167000,1773669061000,2.266,0.2999999999992724,1.2513936093495126,1.8107811827310596,2.4300000000512227,1.2513936093495126,1773667894000-649034868264558592-1192134642870779904,
1084481853835968512,1773665687000-649034868264558592-1084481853835968512,1773665687000,1773669310000,1,2.264,2.946,0.768499660556687,649034868264558592,1773665687000,1084481853835968512,MP09PA3303,3623000,1773669310000,2.264,0.9991666666666668,2.945769395498422,0.7685598212337096,2.415000000037253,2.945769395498422,1773665687000-649034868264558592-1084481853835968512,
1146409880471470080,1773667703000-649034868264558592-1146409880471470080,1773667703000,1773668278000,1,2.176,1.289,1.688130333591932,649034868264558592,1773667703000,1146409880471470080,MP09DC0666,575000,1773668278000,2.176,0.12249999999949068,1.2891575206270625,1.6879240629504813,,1.2891575206270625,1773667703000-649034868264558592-1146409880471470080,
1084481853835968512,1773630150000-649034868264558592-1084481853835968512,1773630150000,1773630391000,1,2.159,0.972,2.22119341563786,649034868264558592,1773630150000,1084481853835968512,MP09PA3303,241000,1773630391000,2.159,0.0,0.9723647844045022,2.220360130917554,1.900000000023283,0.9723647844045022,1773630150000-649034868264558592-1084481853835968512,
1289228257593393152,1773655698000-649034868264558592-1289228257593393152,1773655698000,1773657206000,1,2.103,1.622,1.2965474722564736,649034868264558592,1773655698000,1289228257593393152,MP09DL9990,1508000,1773657206000,2.103,0.0,1.6223555493022006,1.2962633258193816,2.154999999969732,1.6223555493022004,1773655698000-649034868264558592-1289228257593393152,
1494312585351135232,1773644273000-649034868264558592-1494312585351135232,1773644273000,1773645381000,1,1.905,1.715,1.1107871720116618,649034868264558592,1773644273000,1494312585351135232,MP09AZ0009,1108000,1773645381000,1.905,0.26722222222224445,1.714545047887354,1.111081917822645,1.8849999999947613,1.714545047887354,1773644273000-649034868264558592-1494312585351135232,
